,QE_smooth,wl,I_sun,Jsc_wl,v,i,Eg,SE,,,,,,,,,,
0,,280,5.19E-23,,0,46.915,1.188,0,,,,,,,,,,
1,,281,4.64E-20,,0.076809949,46.915,1.188,0,,,,,,,,,,
2,,282,1.94E-18,,0.161864623,46.915,1.188,0,,,,,,,,,,
3,,283,2.11E-17,,0.254281848,46.915,1.188,0,,,,,,,,,,
4,,284,1.09E-15,,0.348331821,46.915,1.188,0,,,,,,,,,,
5,,285,1.68E-14,,0.414576116,46.915,1.188,0,,,,,,,,,,
6,,286,3.16E-13,,0.489819645,46.915,1.188,0,,,,,,,,,,
7,,287,4.73E-12,,0.548705293,46.89146869,1.188,0,,,,,,,,,,
8,,288,8.42E-11,,0.576513933,46.75545507,1.188,0,,,,,,,,,,
9,,289,9.25E-10,,0.595325289,46.68717202,1.188,0,,,,,,,,,,
10,,290,7.64E-09,,0.602684853,46.75398181,1.188,0,,,,,,,,,,
11,,291,5.30E-08,,0.612498984,46.75342935,1.188,0,,,,,,,,,,
12,,292,2.95E-07,,0.63131034,46.6851463,1.188,0,,,,,,,,,,
13,,293,1.21E-06,,0.641942297,46.68454779,1.188,0,,,,,,,,,,
14,,294,4.72E-06,,0.65257523,46.61672513,1.188,0,,,,,,,,,,
15,,295,1.62E-05,,0.661570559,46.68344285,1.188,0,,,,,,,,,,
16,,296,5.35E-05,,0.67547778,46.41376358,1.188,0,,,,,,,,,,
17,,297,0.000123778,,0.683656203,46.4133032,1.188,0,,,,,,,,,,
18,,298,0.000308275,,0.691837556,46.21117042,1.188,0,,,,,,,,,,
19,,299,0.000604175,,0.699201085,46.00908355,1.188,0,,,,,,,,,,
20,92.37283349,300,0.00111595,0.022674875,0.707383414,45.73972655,1.188,14.18712767,,,,,,,,,,
21,92.75307124,301,0.0021175,0.043346383,0.712294386,45.47055384,1.188,14.29301176,,,,,,,,,,
22,93.133309,302,0.00352,0.072592088,0.718023184,45.20133497,1.188,14.39928518,,,,,,,,,,
23,93.51354675,303,0.0075625,0.157114835,0.722932202,45.06661029,1.188,14.50594793,,,,,,,,,,
24,93.89378451,304,0.0109175,0.228490568,0.725389642,44.79757557,1.188,14.613,,,,,,,,,,
25,94.27402226,305,0.017435,0.367577125,0.728662953,44.66294325,1.188,14.7204414,,,,,,,,,,
26,94.65426002,306,0.0210925,0.447944592,0.73439175,44.39372436,1.188,14.82827213,,,,,,,,,,
27,95.03449777,307,0.0308275,0.659466311,0.738484897,44.12459756,1.188,14.93649219,,,,,,,,,,
28,95.41473552,308,0.041855,0.901878766,0.742579939,43.7210226,1.188,15.04510157,,,,,,,,,,
29,95.79497328,309,0.0454575,0.986600647,0.747494817,43.18295315,1.188,15.15410027,,,,,,,,,,
30,96.17521103,310,0.0577775,1.263043292,0.752415556,42.24153866,1.188,15.26348831,,,,,,,,,,
31,96.29854765,311,0.0864875,1.899188703,0.756522375,41.03127387,1.188,15.33236265,,,,,,,,,,
32,96.42188426,312,0.1013925,2.236509195,0.763905377,39.48470396,1.188,15.40136327,,,,,,,,,,
33,96.54522087,313,0.1154175,2.557298533,0.769658648,37.53488218,1.188,15.47049018,,,,,,,,,,
34,96.66855749,314,0.130625,2.907206213,0.772127749,36.45915764,1.188,15.53974338,,,,,,,,,,
35,96.7918941,315,0.143,3.196835051,0.777058252,34.84550123,1.188,15.60912286,,,,,,,,,,
36,96.91523071,316,0.14135,3.174019408,0.781989733,33.16462127,1.188,15.67862862,,,,,,,,,,
37,97.03856733,317,0.18535,4.180525502,0.785287459,31.34938522,1.188,15.74826067,,,,,,,,,,
38,97.16190394,318,0.197175,4.466935016,0.786939769,30.20648319,1.188,15.81801901,,,,,,,,,,
39,97.28524055,319,0.2167,4.930956826,0.787788846,28.05526429,1.188,15.88790362,,,,,,,,,,
40,97.40857717,320,0.23375,5.342363642,0.793548952,25.63487284,1.188,15.95791453,,,,,,,,,,
41,97.66008176,321,0.270325,6.213595479,0.795219759,23.21471158,1.188,16.04911439,,,,,,,,,,
42,97.91158636,322,0.246675,5.702295827,0.799346111,20.65996294,1.188,16.14057177,,,,,,,,,,
43,98.16309095,323,0.244475,5.683552168,0.799369549,19.04658275,1.188,16.23228667,,,,,,,,,,
44,98.41459554,324,0.297,6.943774682,0.803495844,16.4918363,1.188,16.32425908,,,,,,,,,,
45,98.66610014,325,0.319275,7.506731559,0.803528072,14.27343882,1.188,16.41648901,,,,,,,,,,
46,98.91760473,326,0.409475,9.681735899,0.80683654,11.71873623,1.188,16.50897645,,,,,,,,,,
47,99.16910933,327,0.4356,10.35730308,0.810142136,9.365707512,1.188,16.60172142,,,,,,,,,,
48,99.42061392,328,0.400125,9.567106752,0.81015,6.743872365,1.188,16.69472389,,,,,,,,,,
49,99.67211852,329,0.462,11.10826447,0.8107,4.122041579,1.188,16.78798389,,,,,,,,,,
50,99.92362311,330,0.50435,12.19407288,0.811294,1.836279172,1.188,16.8815014,,,,,,,,,,
51,100.0207009,331,0.4532,11.00126021,0.8118,1.096724902,1.188,16.94910788,,,,,,,,,,
52,100.1177787,332,0.474375,11.56127498,0.8118,0,1.188,17.01681375,,,,,,,,,,
53,100.2148565,333,0.4675,11.43911974,,,1.188,17.08461903,,,,,,,,,,
54,100.3119342,334,0.46145,11.33596171,,,1.188,17.1525237,,,,,,,,,,
55,100.409012,335,0.50105,12.35757389,,,1.188,17.22052777,,,,,,,,,,
56,100.5060898,336,0.456775,11.31015689,,,1.188,17.28863124,,,,,,,,,,
57,100.6031676,337,0.41965,10.4319004,,,1.188,17.3568341,,,,,,,,,,
58,100.7002454,338,0.472725,11.79751255,,,1.188,17.42513637,,,,,,,,,,
59,100.7973231,339,0.509025,12.75329654,,,1.188,17.49353803,,,,,,,,,,
60,100.8944009,340,0.5423,13.64018423,,,1.188,17.56203909,,,,,,,,,,
61,101.0595661,341,0.524425,13.2510363,,,1.188,17.64252595,,,,,,,,,,
62,101.2247313,342,0.53625,13.61177283,,,1.188,17.72318192,,,,,,,,,,
63,101.3898966,343,0.554675,14.14366758,,,1.188,17.80400701,,,,,,,,,,
64,101.5550618,344,0.473275,12.12294765,,,1.188,17.88500121,,,,,,,,,,
65,101.720227,345,0.49665,12.7794306,,,1.188,17.96616452,,,,,,,,,,
66,101.8853922,346,0.529375,13.68315027,,,1.188,18.04749694,,,,,,,,,,
67,102.0505574,347,0.53515,13.89488748,,,1.188,18.12899848,,,,,,,,,,
68,102.2157226,348,0.523875,13.66341532,,,1.188,18.21066913,,,,,,,,,,
69,102.3808878,349,0.518925,13.59513614,,,1.188,18.29250889,,,,,,,,,,
70,102.546053,350,0.576125,15.16136709,,,1.188,18.37451777,,,,,,,,,,
71,102.6379888,351,0.603625,15.94472806,,,1.188,18.44353679,,,,,,,,,,
72,102.7299246,352,0.563475,14.93994276,,,1.188,18.51264995,,,,,,,,,,
73,102.8218603,353,0.576675,15.3470863,,,1.188,18.58185724,,,,,,,,,,
74,102.9137961,354,0.656425,17.53463061,,,1.188,18.65115866,,,,,,,,,,
75,103.0057318,355,0.665225,17.83581487,,,1.188,18.72055422,,,,,,,,,,
76,103.0976676,356,0.608025,16.36269831,,,1.188,18.7900439,,,,,,,,,,
77,103.1896034,357,0.519475,14.03147929,,,1.188,18.85962773,,,,,,,,,,
78,103.2815391,358,0.472175,12.80098432,,,1.188,18.92930568,,,,,,,,,,
79,103.3734749,359,0.52195,14.20257575,,,1.188,18.99907777,,,,,,,,,,
80,103.4654107,360,0.638,17.42420668,,,1.188,19.06894399,,,,,,,,,,
81,103.4827224,361,0.58025,15.89369392,,,1.188,19.12511275,,,,,,,,,,
82,103.5000342,362,0.593175,16.29545725,,,1.188,19.18129923,,,,,,,,,,
83,103.517346,363,0.650925,17.93433816,,,1.188,19.23750344,,,,,,,,,,
84,103.5346578,364,0.658075,18.18432468,,,1.188,19.29372538,,,,,,,,,,
85,103.5519696,365,0.694925,19.25856006,,,1.188,19.34996504,,,,,,,,,,
86,103.5692814,366,0.7931,22.04320028,,,1.188,19.40622243,,,,,,,,,,
87,103.5865932,367,0.792825,22.09945679,,,1.188,19.46249754,,,,,,,,,,
88,103.6039049,368,0.7425,20.75654426,,,1.188,19.51879038,,,,,,,,,,
89,103.6212167,369,0.76615,21.47946738,,,1.188,19.57510094,,,,,,,,,,
90,103.6385285,370,0.80575,22.65467962,,,1.188,19.63142923,,,,,,,,,,
91,103.822698,371,0.764775,21.59904511,,,1.188,19.71946721,,,,,,,,,,
92,104.0068676,372,0.743875,21.10277499,,,1.188,19.80769377,,,,,,,,,,
93,104.1910371,373,0.668525,19.04984708,,,1.188,19.89610889,,,,,,,,,,
94,104.3752066,374,0.609675,17.45026336,,,1.188,19.98471259,,,,,,,,,,
95,104.5593761,375,0.653675,18.79276898,,,1.188,20.07350486,,,,,,,,,,
96,104.7435456,376,0.73095,21.10753096,,,1.188,20.1624857,,,,,,,,,,
97,104.9277152,377,0.79035,22.92375047,,,1.188,20.25165512,,,,,,,,,,
98,105.1118847,378,0.9163,26.69414149,,,1.188,20.3410131,,,,,,,,,,
99,105.2960542,379,0.819775,23.98725905,,,1.188,20.43055966,,,,,,,,,,
100,105.4802237,380,0.7733,22.72674806,,,1.188,20.52029479,,,,,,,,,,
101,105.6201684,381,0.813725,24.00955655,,,1.188,20.60159228,,,,,,,,,,
102,105.7601131,382,0.64955,19.24121557,,,1.188,20.68303306,,,,,,,,,,
103,105.9000578,383,0.509575,15.15436464,,,1.188,20.76461713,,,,,,,,,,
104,106.0400025,384,0.568425,16.97105233,,,1.188,20.84634449,,,,,,,,,,
105,106.1799472,385,0.71445,21.41458801,,,1.188,20.92821514,,,,,,,,,,
106,106.3198919,386,0.6941,20.88615631,,,1.188,21.01022908,,,,,,,,,,
107,106.4598366,387,0.7106,21.4662712,,,1.188,21.0923863,,,,,,,,,,
108,106.5997813,388,0.69795,21.16640001,,,1.188,21.17468682,,,,,,,,,,
109,106.739726,389,0.75735,23.05722105,,,1.188,21.25713063,,,,,,,,,,
110,106.8796707,390,0.865975,26.46669526,,,1.188,21.33971773,,,,,,,,,,
111,106.9007127,391,0.924,28.31809131,,,1.188,21.39864701,,,,,,,,,,
112,106.9217548,392,0.8547,26.26639658,,,1.188,21.45759783,,,,,,,,,,
113,106.9427968,393,0.549175,16.92347309,,,1.188,21.51657019,,,,,,,,,,
114,106.9638388,394,0.56375,17.42025092,,,1.188,21.5755641,,,,,,,,,,
115,106.9848809,395,0.86625,26.8409201,,,1.188,21.63457956,,,,,,,,,,
116,107.0059229,396,0.801625,24.9062822,,,1.188,21.69361656,,,,,,,,,,
117,107.026965,397,0.557425,17.36620038,,,1.188,21.75267511,,,,,,,,,,
118,107.048007,398,0.9152,28.58987906,,,1.188,21.8117552,,,,,,,,,,
119,107.0690491,399,1.166,36.52330248,,,1.188,21.87085684,,,,,,,,,,
120,107.0900911,400,1.225125,38.479049,,,1.188,21.92998002,,,,,,,,,,
121,107.1498071,401,1.274625,40.15622203,,,1.188,21.99706421,,,,,,,,,,
122,107.209523,402,1.309,41.36506509,,,1.188,22.06420956,,,,,,,,,,
123,107.269239,403,1.28425,40.70656617,,,1.188,22.13141604,,,,,,,,,,
124,107.328955,404,1.291125,41.04886987,,,1.188,22.19868367,,,,,,,,,,
125,107.388671,405,1.265,40.34025739,,,1.188,22.26601244,,,,,,,,,,
126,107.4483869,406,1.233375,39.45079172,,,1.188,22.33340236,,,,,,,,,,
127,107.5081029,407,1.219625,39.12880404,,,1.188,22.40085341,,,,,,,,,,
128,107.5678189,408,1.269125,40.83960881,,,1.188,22.46836562,,,,,,,,,,
129,107.6275348,409,1.31725,42.51572183,,,1.188,22.53593896,,,,,,,,,,
130,107.6872508,410,1.19625,38.72618768,,,1.188,22.60357345,,,,,,,,,,
131,107.6666129,411,1.280125,41.53458738,,,1.188,22.65436165,,,,,,,,,,
132,107.645975,412,1.3475,43.81859359,,,1.188,22.70512873,,,,,,,,,,
133,107.6253371,413,1.3145,42.8410213,,,1.188,22.75587467,,,,,,,,,,
134,107.6046993,414,1.304875,42.62212891,,,1.188,22.80659948,,,,,,,,,,
135,107.5840614,415,1.342,43.9322247,,,1.188,22.85730316,,,,,,,,,,
136,107.5634235,416,1.376375,45.15744598,,,1.188,22.90798571,,,,,,,,,,
137,107.5427856,417,1.348875,44.35307047,,,1.188,22.95864713,,,,,,,,,,
138,107.5221477,418,1.302125,42.91029874,,,1.188,23.00928741,,,,,,,,,,
139,107.5015098,419,1.321375,43.64046014,,,1.188,23.05990657,,,,,,,,,,
140,107.4808719,420,1.266375,41.91576996,,,1.188,23.11050459,,,,,,,,,,
141,107.571601,421,1.373625,45.61236205,,,1.188,23.18508458,,,,,,,,,,
142,107.66233,422,1.37225,45.71346207,,,1.188,23.25975747,,,,,,,,,,
143,107.7530591,423,1.3365,44.66564269,,,1.188,23.33452326,,,,,,,,,,
144,107.8437881,424,1.3365,44.80893301,,,1.188,23.40938194,,,,,,,,,,
145,107.9345171,425,1.364,45.87734767,,,1.188,23.48433353,,,,,,,,,,
146,108.0252462,426,1.331,44.91046666,,,1.188,23.55937801,,,,,,,,,,
147,108.1159752,427,1.293875,43.7970355,,,1.188,23.63451539,,,,,,,,,,
148,108.2067043,428,1.28425,43.60960586,,,1.188,23.70974566,,,,,,,,,,
149,108.2974333,429,1.1814,40.24454958,,,1.188,23.78506884,,,,,,,,,,
150,108.3881624,430,0.978175,33.42731673,,,1.188,23.86048491,,,,,,,,,,
151,108.3792008,431,0.9548,32.7016957,,,1.188,23.91399702,,,,,,,,,,
152,108.3702392,432,1.367025,46.92506513,,,1.188,23.96749995,,,,,,,,,,
153,108.3612775,433,1.351625,46.49999192,,,1.188,24.02099371,,,,,,,,,,
154,108.3523159,434,1.271875,43.85377735,,,1.188,24.07447829,,,,,,,,,,
155,108.3433543,435,1.365375,47.18219372,,,1.188,24.1279537,,,,,,,,,,
156,108.3343927,436,1.483625,51.38207442,,,1.188,24.18141993,,,,,,,,,,
157,108.3254311,437,1.5015,52.11609272,,,1.188,24.23487699,,,,,,,,,,
158,108.3164695,438,1.3585,47.25664634,,,1.188,24.28832486,,,,,,,,,,
159,108.3075079,439,1.318625,45.97047986,,,1.188,24.34176357,,,,,,,,,,
160,108.2985463,440,1.4575,50.92353167,,,1.188,24.3951931,,,,,,,,,,
161,108.1874972,441,1.478125,51.7084446,,,1.188,24.42556509,,,,,,,,,,
162,108.0764481,442,1.552375,54.37316597,,,1.188,24.45582338,,,,,,,,,,
163,107.965399,443,1.57575,55.25992418,,,1.188,24.48596797,,,,,,,,,,
164,107.8543499,444,1.55375,54.55523437,,,1.188,24.51599885,,,,,,,,,,
165,107.7433009,445,1.577125,55.44355283,,,1.188,24.54591603,,,,,,,,,,
166,107.6322518,446,1.486375,52.31669802,,,1.188,24.5757195,,,,,,,,,,
167,107.5212027,447,1.615625,56.93467554,,,1.188,24.60540928,,,,,,,,,,
168,107.4101536,448,1.648625,58.16743075,,,1.188,24.63498534,,,,,,,,,,
169,107.2991045,449,1.65825,58.57699559,,,1.188,24.66444771,,,,,,,,,,
170,107.1880554,450,1.714625,60.64049059,,,1.188,24.69379637,,,,,,,,,,
171,107.2735039,451,1.7545,62.23820079,,,1.188,24.76840069,,,,,,,,,,
172,107.3589524,452,1.6885,60.07757765,,,1.188,24.84309251,,,,,,,,,,
173,107.4444009,453,1.601875,57.16698167,,,1.188,24.91787181,,,,,,,,,,
174,107.5298494,454,1.667875,59.70119689,,,1.188,24.99273861,,,,,,,,,,
175,107.6152979,455,1.68025,60.32453202,,,1.188,25.06769289,,,,,,,,,,
176,107.7007464,456,1.7215,61.99051313,,,1.188,25.14273467,,,,,,,,,,
177,107.7861949,457,1.7325,62.57303675,,,1.188,25.21786394,,,,,,,,,,
178,107.8716434,458,1.706375,61.81329595,,,1.188,25.2930807,,,,,,,,,,
179,107.9570919,459,1.684375,61.19800968,,,1.188,25.36838495,,,,,,,,,,
180,108.0425404,460,1.681625,61.27967064,,,1.188,25.44377669,,,,,,,,,,
181,107.9627356,461,1.731125,63.17392823,,,1.188,25.48025456,,,,,,,,,,
182,107.8829309,462,1.749,63.91741024,,,1.188,25.51665071,,,,,,,,,,
183,107.8031262,463,1.75175,64.10901746,,,1.188,25.55296516,,,,,,,,,,
184,107.7233215,464,1.709125,62.63775613,,,1.188,25.58919789,,,,,,,,,,
185,107.6435168,465,1.689875,62.01975701,,,1.188,25.62534891,,,,,,,,,,
186,107.563712,466,1.70225,62.56186538,,,1.188,25.66141822,,,,,,,,,,
187,107.4839073,467,1.65825,61.03022637,,,1.188,25.69740581,,,,,,,,,,
188,107.4041026,468,1.706375,62.88916841,,,1.188,25.73331169,,,,,,,,,,
189,107.3242979,469,1.70775,63.02746519,,,1.188,25.76913586,,,,,,,,,,
190,107.2444932,470,1.662375,61.43792035,,,1.188,25.80487832,,,,,,,,,,
191,107.3319155,471,1.689875,62.6381636,,,1.188,25.8808624,,,,,,,,,,
192,107.4193379,472,1.75175,65.12252698,,,1.188,25.95693599,,,,,,,,,,
193,107.5067602,473,1.714625,63.92941276,,,1.188,26.0330991,,,,,,,,,,
194,107.5941825,474,1.7215,64.37374978,,,1.188,26.10935171,,,,,,,,,,
195,107.6816049,475,1.75725,65.90271852,,,1.188,26.18569384,,,,,,,,,,
196,107.7690272,476,1.72425,64.85385537,,,1.188,26.26212548,,,,,,,,,,
197,107.8564496,477,1.7325,65.35403268,,,1.188,26.33864663,,,,,,,,,,
198,107.9438719,478,1.771,67.00066272,,,1.188,26.4152573,,,,,,,,,,
199,108.0312943,479,1.755875,66.62133585,,,1.188,26.49195748,,,,,,,,,,
200,108.1187166,480,1.76825,67.28533742,,,1.188,26.56874716,,,,,,,,,,
201,108.0586231,481,1.772375,67.54524323,,,1.188,26.60930077,,,,,,,,,,
202,107.9985296,482,1.777875,67.85795267,,,1.188,26.64979284,,,,,,,,,,
203,107.9384361,483,1.758625,67.22505146,,,1.188,26.69022339,,,,,,,,,,
204,107.8783426,484,1.72975,66.2212867,,,1.188,26.73059241,,,,,,,,,,
205,107.8182491,485,1.6775,64.31780147,,,1.188,26.77089989,,,,,,,,,,
206,107.7581556,486,1.4575,55.96669103,,,1.188,26.81114585,,,,,,,,,,
207,107.6980621,487,1.557875,59.91066034,,,1.188,26.85133027,,,,,,,,,,
208,107.6379686,488,1.665125,64.13082172,,,1.188,26.89145317,,,,,,,,,,
209,107.5778751,489,1.63075,62.90046506,,,1.188,26.93151454,,,,,,,,,,
210,107.5177816,490,1.750375,67.61485566,,,1.188,26.97151437,,,,,,,,,,
211,107.5197747,491,1.71325,66.31705421,,,1.188,27.02705929,,,,,,,,,,
212,107.5217678,492,1.654125,64.16001738,,,1.188,27.08260624,,,,,,,,,,
213,107.5237609,493,1.728375,67.1775236,,,1.188,27.13815524,,,,,,,,,,
214,107.525754,494,1.722875,67.10082555,,,1.188,27.19370627,,,,,,,,,,
215,107.5277472,495,1.780625,69.49168797,,,1.188,27.24925935,,,,,,,,,,
216,107.5297403,496,1.731125,67.69761211,,,1.188,27.30481447,,,,,,,,,,
217,107.5317334,497,1.739375,68.15863865,,,1.188,27.36037163,,,,,,,,,,
218,107.5337265,498,1.7105,67.16325971,,,1.188,27.41593083,,,,,,,,,,
219,107.5357196,499,1.703625,67.02887718,,,1.188,27.47149207,,,,,,,,,,
220,107.5377128,500,1.6885,66.56815389,,,1.188,27.52705535,,,,,,,,,,
221,107.5236697,501,1.645875,65.0089724,,,1.188,27.57850759,,,,,,,,,,
222,107.5096267,502,1.648625,65.23904587,,,1.188,27.62994546,,,,,,,,,,
223,107.4955837,503,1.69125,67.05035249,,,1.188,27.68136894,,,,,,,,,,
224,107.4815406,504,1.62525,64.55341803,,,1.188,27.73277805,,,,,,,,,,
225,107.4674976,505,1.709125,68.01066006,,,1.188,27.78417278,,,,,,,,,,
226,107.4534546,506,1.764125,70.32907449,,,1.188,27.83555313,,,,,,,,,,
227,107.4394115,507,1.709125,68.26216459,,,1.188,27.8869191,,,,,,,,,,
228,107.4253685,508,1.676125,67.0674226,,,1.188,27.9382707,,,,,,,,,,
229,107.4113255,509,1.722875,69.06472325,,,1.188,27.98960791,,,,,,,,,,
230,107.3972824,510,1.703625,68.41827516,,,1.188,28.04093075,,,,,,,,,,
231,107.4594265,511,1.728375,69.58859099,,,1.188,28.11217032,,,,,,,,,,
232,107.5215706,512,1.753125,70.76411706,,,1.188,28.18347351,,,,,,,,,,
233,107.5837147,513,1.678875,67.93864982,,,1.188,28.25484034,,,,,,,,,,
234,107.6458588,514,1.640375,66.54849471,,,1.188,28.3262708,,,,,,,,,,
235,107.7080029,515,1.6775,68.22638803,,,1.188,28.39776488,,,,,,,,,,
236,107.770147,516,1.654125,67.44521619,,,1.188,28.4693226,,,,,,,,,,
237,107.8322911,517,1.44925,59.24031151,,,1.188,28.54094394,,,,,,,,,,
238,107.8944352,518,1.552375,63.61508246,,,1.188,28.61262892,,,,,,,,,,
239,107.9565793,519,1.55375,63.83109039,,,1.188,28.68437752,,,,,,,,,,
240,108.0187235,520,1.6555,68.18144761,,,1.188,28.75618976,,,,,,,,,,
241,108.1322678,521,1.68575,69.63392117,,,1.188,28.84177544,,,,,,,,,,
242,108.2458122,522,1.6995,70.41049924,,,1.188,28.92747739,,,,,,,,,,
243,108.3593565,523,1.645875,68.39110225,,,1.188,29.0132956,,,,,,,,,,
244,108.4729009,524,1.72975,72.08925366,,,1.188,29.09923006,,,,,,,,,,
245,108.5864452,525,1.72425,72.07253579,,,1.188,29.18528078,,,,,,,,,,
246,108.6999896,526,1.662375,69.69135268,,,1.188,29.27144776,,,,,,,,,,
247,108.8135339,527,1.52625,64.17322361,,,1.188,29.357731,,,,,,,,,,
248,108.9270783,528,1.6665,70.27643847,,,1.188,29.4441305,,,,,,,,,,
249,109.0406226,529,1.742125,73.68141477,,,1.188,29.53064625,,,,,,,,,,
250,109.154167,530,1.71325,72.67274726,,,1.188,29.61727827,,,,,,,,,,
251,109.0550178,531,1.76825,75.07900168,,,1.188,29.64620658,,,,,,,,,,
252,108.9558686,532,1.738,73.8663569,,,1.188,29.67503337,,,,,,,,,,
253,108.8567194,533,1.601875,68.14684011,,,1.188,29.70375864,,,,,,,,,,
254,108.7575702,534,1.670625,71.14008468,,,1.188,29.7323824,,,,,,,,,,
255,108.658421,535,1.711875,72.96655962,,,1.188,29.76090463,,,,,,,,,,
256,108.5592718,536,1.7545,74.85481341,,,1.188,29.78932535,,,,,,,,,,
257,108.4601226,537,1.667875,71.22665091,,,1.188,29.81764454,,,,,,,,,,
258,108.3609734,538,1.7105,73.11608015,,,1.188,29.84586222,,,,,,,,,,
259,108.2618242,539,1.681625,71.94952141,,,1.188,29.87397838,,,,,,,,,,
260,108.162675,540,1.626625,69.66157198,,,1.188,29.90199302,,,,,,,,,,
261,108.1559157,541,1.588125,68.13446883,,,1.188,29.95549498,,,,,,,,,,
262,108.1491564,542,1.683,72.33378435,,,1.188,30.00899002,,,,,,,,,,
263,108.1423971,543,1.683,72.46271232,,,1.188,30.06247814,,,,,,,,,,
264,108.1356377,544,1.716,74.01498878,,,1.188,30.11595934,,,,,,,,,,
265,108.1288784,545,1.695375,73.25522791,,,1.188,30.16943362,,,,,,,,,,
266,108.1221191,546,1.6775,72.61132622,,,1.188,30.22290098,,,,,,,,,,
267,108.1153598,547,1.68575,73.09750291,,,1.188,30.27636142,,,,,,,,,,
268,108.1086005,548,1.662375,72.21118158,,,1.188,30.32981494,,,,,,,,,,
269,108.1018412,549,1.69675,73.83426259,,,1.188,30.38326153,,,,,,,,,,
270,108.0950819,550,1.694,73.84424914,,,1.188,30.43670121,,,,,,,,,,
271,108.1418523,551,1.689875,73.83029987,,,1.188,30.50523391,,,,,,,,,,
272,108.1886227,552,1.714625,75.08003558,,,1.188,30.57381449,,,,,,,,,,
273,108.235393,553,1.683,73.86066175,,,1.188,30.64244297,,,,,,,,,,
274,108.2821634,554,1.70225,74.87290441,,,1.188,30.71111933,,,,,,,,,,
275,108.3289338,555,1.7105,75.40413789,,,1.188,30.77984358,,,,,,,,,,
276,108.3757042,556,1.681625,74.29687165,,,1.188,30.84861572,,,,,,,,,,
277,108.4224746,557,1.65,73.0622602,,,1.188,30.91743575,,,,,,,,,,
278,108.469245,558,1.665125,73.89623401,,,1.188,30.98630367,,,,,,,,,,
279,108.5160154,559,1.6005,71.18622669,,,1.188,31.05521947,,,,,,,,,,
280,108.5627857,560,1.62525,72.44757099,,,1.188,31.12418316,,,,,,,,,,
281,108.5603211,561,1.692625,75.58391442,,,1.188,31.17905419,,,,,,,,,,
282,108.5578564,562,1.64725,73.68714654,,,1.188,31.2339227,,,,,,,,,,
283,108.5553917,563,1.681625,75.3569994,,,1.188,31.28878868,,,,,,,,,,
284,108.552927,564,1.6665,74.81016431,,,1.188,31.34365213,,,,,,,,,,
285,108.5504623,565,1.65825,74.5701093,,,1.188,31.39851307,,,,,,,,,,
286,108.5479976,566,1.599125,72.03694871,,,1.188,31.45337148,,,,,,,,,,
287,108.5455329,567,1.6665,75.20296793,,,1.188,31.50822736,,,,,,,,,,
288,108.5430682,568,1.659625,75.02310704,,,1.188,31.56308072,,,,,,,,,,
289,108.5406035,569,1.632125,73.90818958,,,1.188,31.61793156,,,,,,,,,,
290,108.5381388,570,1.621125,73.5374181,,,1.188,31.67277988,,,,,,,,,,
291,108.5801939,571,1.590875,72.31983502,,,1.188,31.74063988,,,,,,,,,,
292,108.6222489,572,1.651375,75.23071219,,,1.188,31.80854293,,,,,,,,,,
293,108.664304,573,1.66925,76.2074725,,,1.188,31.87648905,,,,,,,,,,
294,108.7063591,574,1.656875,75.80384518,,,1.188,31.94447823,,,,,,,,,,
295,108.7484141,575,1.621125,74.32619985,,,1.188,32.01251047,,,,,,,,,,
296,108.7904692,576,1.612875,74.10520139,,,1.188,32.08058577,,,,,,,,,,
297,108.8325242,577,1.637625,75.40213159,,,1.188,32.14870413,,,,,,,,,,
298,108.8745793,578,1.604625,74.03933866,,,1.188,32.21686555,,,,,,,,,,
299,108.9166343,579,1.618375,74.83186787,,,1.188,32.28507003,,,,,,,,,,
300,108.9586894,580,1.645875,76.26431279,,,1.188,32.35331757,,,,,,,,,,
301,108.9303478,581,1.654125,76.75876822,,,1.188,32.40066914,,,,,,,,,,
302,108.9020063,582,1.68025,78.08496467,,,1.188,32.44799169,,,,,,,,,,
303,108.8736648,583,1.692625,78.77470696,,,1.188,32.49528522,,,,,,,,,,
304,108.8453233,584,1.692625,78.88928506,,,1.188,32.54254973,,,,,,,,,,
305,108.8169817,585,1.678875,78.36200733,,,1.188,32.58978523,,,,,,,,,,
306,108.7886402,586,1.648625,77.06154186,,,1.188,32.6369917,,,,,,,,,,
307,108.7602987,587,1.66375,77.88094452,,,1.188,32.68416915,,,,,,,,,,
308,108.7319572,588,1.615625,75.73728711,,,1.188,32.73131759,,,,,,,,,,
309,108.7036156,589,1.4575,68.42306058,,,1.188,32.77843701,,,,,,,,,,
310,108.6752741,590,1.508375,70.9131423,,,1.188,32.8255274,,,,,,,,,,
311,108.6704845,591,1.5895,74.85042401,,,1.188,32.87971472,,,,,,,,,,
312,108.6656948,592,1.579875,74.51977645,,,1.188,32.93389713,,,,,,,,,,
313,108.6609052,593,1.590875,75.16206744,,,1.188,32.98807463,,,,,,,,,,
314,108.6561155,594,1.584,74.96014977,,,1.188,33.04224723,,,,,,,,,,
315,108.6513259,595,1.579875,74.8875067,,,1.188,33.09641493,,,,,,,,,,
316,108.6465362,596,1.6115,76.51156815,,,1.188,33.15057772,,,,,,,,,,
317,108.6417466,597,1.615625,76.83273329,,,1.188,33.20473561,,,,,,,,,,
318,108.6369569,598,1.607375,76.56506115,,,1.188,33.2588886,,,,,,,,,,
319,108.6321673,599,1.607375,76.68971507,,,1.188,33.31303668,,,,,,,,,,
320,108.6273776,600,1.612875,77.07719555,,,1.188,33.36717985,,,,,,,,,,
321,108.6360869,601,1.595,76.35613231,,,1.188,33.42547153,,,,,,,,,,
322,108.6447962,602,1.579875,75.76398272,,,1.188,33.48377212,,,,,,,,,,
323,108.6535056,603,1.606,77.15094401,,,1.188,33.54208163,,,,,,,,,,
324,108.6622149,604,1.634875,78.67462707,,,1.188,33.60040005,,,,,,,,,,
325,108.6709242,605,1.637625,78.94376651,,,1.188,33.6587274,,,,,,,,,,
326,108.6796335,606,1.63075,78.748597,,,1.188,33.71706366,,,,,,,,,,
327,108.6883428,607,1.63625,79.15091982,,,1.188,33.77540884,,,,,,,,,,
328,108.6970521,608,1.628,78.88789985,,,1.188,33.83376293,,,,,,,,,,
329,108.7057614,609,1.617,78.49003513,,,1.188,33.89212595,,,,,,,,,,
330,108.7144707,610,1.607375,78.15721017,,,1.188,33.95049788,,,,,,,,,,
331,108.8125985,611,1.60875,78.42302679,,,1.188,34.03684903,,,,,,,,,,
332,108.9107262,612,1.6225,79.29420148,,,1.188,34.12330065,,,,,,,,,,
333,109.0088539,613,1.601875,78.48479355,,,1.188,34.20985274,,,,,,,,,,
334,109.1069816,614,1.566125,76.92756457,,,1.188,34.29650531,,,,,,,,,,
335,109.2051094,615,1.60325,78.95033389,,,1.188,34.38325835,,,,,,,,,,
336,109.3032371,616,1.57575,77.79213674,,,1.188,34.47011186,,,,,,,,,,
337,109.4013648,617,1.560625,77.23979496,,,1.188,34.55706585,,,,,,,,,,
338,109.4994925,618,1.6005,79.41287306,,,1.188,34.64412031,,,,,,,,,,
339,109.5976203,619,1.615625,80.36500694,,,1.188,34.73127525,,,,,,,,,,
340,109.695748,620,1.618375,80.70404316,,,1.188,34.81853065,,,,,,,,,,
341,109.5948319,621,1.618375,80.75984643,,,1.188,34.84260612,,,,,,,,,,
342,109.4939157,622,1.568875,78.34357097,,,1.188,34.86657826,,,,,,,,,,
343,109.3929996,623,1.552375,77.57269261,,,1.188,34.89044708,,,,,,,,,,
344,109.2920835,624,1.549625,77.48801892,,,1.188,34.91421256,,,,,,,,,,
345,109.1911674,625,1.541375,77.12771869,,,1.188,34.93787471,,,,,,,,,,
346,109.0902513,626,1.5455,77.38627339,,,1.188,34.96143354,,,,,,,,,,
347,108.9893352,627,1.5675,78.54051457,,,1.188,34.98488904,,,,,,,,,,
348,108.8884191,628,1.513875,75.90423398,,,1.188,35.00824121,,,,,,,,,,
349,108.7875029,629,1.541375,77.33438088,,,1.188,35.03149005,,,,,,,,,,
350,108.6865868,630,1.5345,77.04031347,,,1.188,35.05463557,,,,,,,,,,
351,108.7223478,631,1.541375,77.53381272,,,1.188,35.12183014,,,,,,,,,,
352,108.7581089,632,1.51525,76.36558214,,,1.188,35.18906133,,,,,,,,,,
353,108.7938699,633,1.5785,79.70533106,,,1.188,35.25632913,,,,,,,,,,
354,108.8296309,634,1.568875,79.37055283,,,1.188,35.32363355,,,,,,,,,,
355,108.8653919,635,1.577125,79.9400343,,,1.188,35.39097459,,,,,,,,,,
356,108.9011529,636,1.562,79.32412156,,,1.188,35.45835224,,,,,,,,,,
357,108.936914,637,1.6005,81.43382371,,,1.188,35.5257665,,,,,,,,,,
358,108.972675,638,1.61425,82.28936937,,,1.188,35.59321739,,,,,,,,,,
359,109.008436,639,1.60325,81.8835879,,,1.188,35.66070489,,,,,,,,,,
360,109.044197,640,1.577125,80.7018141,,,1.188,35.728229,,,,,,,,,,
361,109.0183401,641,1.573,80.59738771,,,1.188,35.77556912,,,,,,,,,,
362,108.9924832,642,1.57575,80.84506965,,,1.188,35.82288277,,,,,,,,,,
363,108.9666262,643,1.590875,81.72881146,,,1.188,35.87016994,,,,,,,,,,
364,108.9407693,644,1.58675,81.62429826,,,1.188,35.91743063,,,,,,,,,,
365,108.9149124,645,1.588125,81.80246522,,,1.188,35.96466485,,,,,,,,,,
366,108.8890554,646,1.555125,80.20781768,,,1.188,36.0118726,,,,,,,,,,
367,108.8631985,647,1.54,79.53178689,,,1.188,36.05905387,,,,,,,,,,
368,108.8373416,648,1.524875,78.85365419,,,1.188,36.10620866,,,,,,,,,,
369,108.8114846,649,1.491875,77.24787077,,,1.188,36.15333698,,,,,,,,,,
370,108.7856277,650,1.505625,78.06140154,,,1.188,36.20043883,,,,,,,,,,
371,108.7913822,651,1.56475,81.25593499,,,1.188,36.25804969,,,,,,,,,,
372,108.7971368,652,1.533125,79.74019181,,,1.188,36.31566645,,,,,,,,,,
373,108.8028913,653,1.563375,81.44256238,,,1.188,36.37328909,,,,,,,,,,
374,108.8086459,654,1.5455,80.63894028,,,1.188,36.43091763,,,,,,,,,,
375,108.8144004,655,1.469875,76.81441463,,,1.188,36.48855206,,,,,,,,,,
376,108.820155,656,1.329625,69.59483351,,,1.188,36.54619238,,,,,,,,,,
377,108.8259095,657,1.375,72.08335995,,,1.188,36.6038386,,,,,,,,,,
378,108.8316641,658,1.500125,78.76681062,,,1.188,36.6614907,,,,,,,,,,
379,108.8374186,659,1.529,80.40920741,,,1.188,36.7191487,,,,,,,,,,
380,108.8431732,660,1.53725,80.9700263,,,1.188,36.77681259,,,,,,,,,,
381,108.8487559,661,1.529,80.66164287,,,1.188,36.83442425,,,,,,,,,,
382,108.8543387,662,1.519375,80.27925952,,,1.188,36.89204162,,,,,,,,,,
383,108.8599215,663,1.519375,80.40465076,,,1.188,36.9496647,,,,,,,,,,
384,108.8655043,664,1.53175,81.18595532,,,1.188,37.0072935,,,,,,,,,,
385,108.871087,665,1.557875,82.69922907,,,1.188,37.06492802,,,,,,,,,,
386,108.8766698,666,1.560625,82.97404567,,,1.188,37.12256826,,,,,,,,,,
387,108.8822526,667,1.552375,82.66358186,,,1.188,37.18021421,,,,,,,,,,
388,108.8878353,668,1.555125,82.93842395,,,1.188,37.23786587,,,,,,,,,,
389,108.8934181,669,1.577125,84.24196969,,,1.188,37.29552326,,,,,,,,,,
390,108.8990009,670,1.563375,83.63662692,,,1.188,37.35318635,,,,,,,,,,
391,108.8904562,671,1.549625,83.01825496,,,1.188,37.40600212,,,,,,,,,,
392,108.8819115,672,1.5345,82.32401652,,,1.188,37.45880913,,,,,,,,,,
393,108.8733669,673,1.546875,83.10489151,,,1.188,37.5116074,,,,,,,,,,
394,108.8648222,674,1.54,82.85196891,,,1.188,37.56439691,,,,,,,,,,
395,108.8562775,675,1.533125,82.59798751,,,1.188,37.61717768,,,,,,,,,,
396,108.8477329,676,1.546875,83.45569013,,,1.188,37.6699497,,,,,,,,,,
397,108.8391882,677,1.541375,83.27543726,,,1.188,37.72271297,,,,,,,,,,
398,108.8306435,678,1.538625,83.24311517,,,1.188,37.77546749,,,,,,,,,,
399,108.8220988,679,1.530375,82.91238027,,,1.188,37.82821326,,,,,,,,,,
400,108.8135542,680,1.529,82.95337162,,,1.188,37.88095028,,,,,,,,,,
401,108.8327789,681,1.529,83.09003931,,,1.188,37.94336006,,,,,,,,,,
402,108.8520037,682,1.527625,83.1519059,,,1.188,38.00578953,,,,,,,,,,
403,108.8712284,683,1.518,82.76376655,,,1.188,38.06823868,,,,,,,,,,
404,108.8904532,684,1.508375,82.37394801,,,1.188,38.13070751,,,,,,,,,,
405,108.9096779,685,1.502875,82.20808922,,,1.188,38.19319603,,,,,,,,,,
406,108.9289027,686,1.4265625,78.16146602,,,1.188,38.25570423,,,,,,,,,,
407,108.9481275,687,1.134375,62.25407758,,,1.188,38.31823212,,,,,,,,,,
408,108.9673522,688,1.2106875,66.55053381,,,1.188,38.38077969,,,,,,,,,,
409,108.986577,689,1.24025,68.2866989,,,1.188,38.44334694,,,,,,,,,,
410,109.0058017,690,1.296625,71.5068659,,,1.188,38.50593388,,,,,,,,,,
411,109.0147884,691,1.351625,74.65421413,,,1.188,38.5649187,,,,,,,,,,
412,109.0237751,692,1.390125,76.89813602,,,1.188,38.62391272,,,,,,,,,,
413,109.0327618,693,1.384625,76.71089765,,,1.188,38.68291595,,,,,,,,,,
414,109.0417485,694,1.370875,76.06498471,,,1.188,38.74192838,,,,,,,,,,
415,109.0507352,695,1.3915,77.32701783,,,1.188,38.80095,,,,,,,,,,
416,109.0597219,696,1.398375,77.82729301,,,1.188,38.85998083,,,,,,,,,,
417,109.0687086,697,1.46025,81.39445367,,,1.188,38.91902086,,,,,,,,,,
418,109.0776953,698,1.450625,80.98063577,,,1.188,38.9780701,,,,,,,,,,
419,109.086682,699,1.42175,79.48895608,,,1.188,39.03712853,,,,,,,,,,
420,109.0956687,700,1.406625,78.76232523,,,1.188,39.09619617,,,,,,,,,,
421,109.0451778,701,1.38875,77.83648286,,,1.188,39.13392782,,,,,,,,,,
422,108.994687,702,1.387375,77.8342874,,,1.188,39.17160778,,,,,,,,,,
423,108.9441962,703,1.39975,78.6039822,,,1.188,39.20923604,,,,,,,,,,
424,108.8937054,704,1.428625,80.30236377,,,1.188,39.2468126,,,,,,,,,,
425,108.8432145,705,1.447875,81.46221122,,,1.188,39.28433747,,,,,,,,,,
426,108.7927237,706,1.442375,81.23017441,,,1.188,39.32181063,,,,,,,,,,
427,108.7422329,707,1.439625,81.15245987,,,1.188,39.3592321,,,,,,,,,,
428,108.691742,708,1.43275,80.84159486,,,1.188,39.39660187,,,,,,,,,,
429,108.6412512,709,1.439625,81.3064543,,,1.188,39.43391995,,,,,,,,,,
430,108.5907604,710,1.441,81.4610216,,,1.188,39.47118632,,,,,,,,,,
431,108.6000739,711,1.439625,81.50490581,,,1.188,39.53016964,,,,,,,,,,
432,108.6093874,712,1.43,81.08080349,,,1.188,39.58916249,,,,,,,,,,
433,108.6187009,713,1.42175,80.73317263,,,1.188,39.64816488,,,,,,,,,,
434,108.6280144,714,1.423125,80.93152978,,,1.188,39.70717681,,,,,,,,,,
435,108.6373279,715,1.392875,79.32898707,,,1.188,39.76619827,,,,,,,,,,
436,108.6466415,716,1.37225,78.27033921,,,1.188,39.82522926,,,,,,,,,,
437,108.655955,717,1.22375,69.90368046,,,1.188,39.8842698,,,,,,,,,,
438,108.6652685,718,1.1276375,64.50885897,,,1.188,39.94331986,,,,,,,,,,
439,108.674582,719,1.0366125,59.38926613,,,1.188,40.00237947,,,,,,,,,,
440,108.6838955,720,1.0861125,62.31708829,,,1.188,40.06144861,,,,,,,,,,
441,108.7728531,721,1.1966625,68.81167272,,,1.188,40.14992529,,,,,,,,,,
442,108.8618107,722,1.32825,76.5468325,,,1.188,40.23849305,,,,,,,,,,
443,108.9507683,723,1.255375,72.50646279,,,1.188,40.3271519,,,,,,,,,,
444,109.0397259,724,1.166,67.49265558,,,1.188,40.41590183,,,,,,,,,,
445,109.1286835,725,1.150875,66.76359706,,,1.188,40.50474284,,,,,,,,,,
446,109.2176411,726,1.1825,68.7488141,,,1.188,40.59367494,,,,,,,,,,
447,109.3065987,727,1.1825,68.89958237,,,1.188,40.68269812,,,,,,,,,,
448,109.3955563,728,1.1495,67.12351406,,,1.188,40.77181239,,,,,,,,,,
449,109.4845139,729,1.156375,67.67270953,,,1.188,40.86101774,,,,,,,,,,
450,109.5734715,730,1.222375,71.69145409,,,1.188,40.95031417,,,,,,,,,,
451,109.522549,731,1.19625,70.22269924,,,1.188,40.98735339,,,,,,,,,,
452,109.4716264,732,1.2595,74.00234324,,,1.188,41.02434047,,,,,,,,,,
453,109.4207038,733,1.309,76.97997636,,,1.188,41.06127541,,,,,,,,,,
454,109.3697812,734,1.34475,79.15340547,,,1.188,41.09815821,,,,,,,,,,
455,109.3188586,735,1.332375,78.4952815,,,1.188,41.13498887,,,,,,,,,,
456,109.267936,736,1.321375,77.91683233,,,1.188,41.17176739,,,,,,,,,,
457,109.2170134,737,1.32275,78.06748758,,,1.188,41.20849377,,,,,,,,,,
458,109.1660908,738,1.335125,78.86797626,,,1.188,41.24516801,,,,,,,,,,
459,109.1151682,739,1.31725,77.88116163,,,1.188,41.28179011,,,,,,,,,,
460,109.0642456,740,1.3365,79.08929987,,,1.188,41.31836007,,,,,,,,,,
461,109.0472352,741,1.332375,78.93943084,,,1.188,41.36774271,,,,,,,,,,
462,109.0302249,742,1.335125,79.19675546,,,1.188,41.41710793,,,,,,,,,,
463,109.0132145,743,1.36125,80.84264256,,,1.188,41.46645573,,,,,,,,,,
464,108.9962042,744,1.373625,81.67462408,,,1.188,41.51578612,,,,,,,,,,
465,108.9791938,745,1.373625,81.77163822,,,1.188,41.56509909,,,,,,,,,,
466,108.9621835,746,1.365375,81.37691468,,,1.188,41.61439464,,,,,,,,,,
467,108.9451731,747,1.364,81.39123042,,,1.188,41.66367278,,,,,,,,,,
468,108.9281627,748,1.362625,81.40531809,,,1.188,41.7129335,,,,,,,,,,
469,108.9111524,749,1.354375,81.00796982,,,1.188,41.7621768,,,,,,,,,,
470,108.894142,750,1.353,81.02111694,,,1.188,41.81140268,,,,,,,,,,
471,108.8650859,751,1.353,81.10749747,,,1.188,41.85597984,,,,,,,,,,
472,108.8360297,752,1.351625,81.1113063,,,1.188,41.90052725,,,,,,,,,,
473,108.8069736,753,1.346125,80.86707701,,,1.188,41.9450449,,,,,,,,,,
474,108.7779175,754,1.359875,81.77973976,,,1.188,41.98953281,,,,,,,,,,
475,108.7488613,755,1.353,81.45244308,,,1.188,42.03399096,,,,,,,,,,
476,108.7198052,756,1.343375,80.9584848,,,1.188,42.07841936,,,,,,,,,,
477,108.690749,757,1.343375,81.04390739,,,1.188,42.12281801,,,,,,,,,,
478,108.6616929,758,1.346125,81.29535108,,,1.188,42.16718691,,,,,,,,,,
479,108.6326367,759,1.1873125,71.77972422,,,1.188,42.21152607,,,,,,,,,,
480,108.6035806,760,0.403425,24.41491364,,,1.188,42.25583547,,,,,,,,,,
481,108.6492662,761,0.2578125,15.62967952,,,1.188,42.32923415,,,,,,,,,,
482,108.6949518,762,0.6391,38.81215989,,,1.188,42.4026796,,,,,,,,,,
483,108.7406374,763,0.4800125,29.20139561,,,1.188,42.47617184,,,,,,,,,,
484,108.7863231,764,0.58905,35.89669503,,,1.188,42.54971085,,,,,,,,,,
485,108.8320087,765,0.7497875,45.77105517,,,1.188,42.62329664,,,,,,,,,,
486,108.8776943,766,0.8974625,54.8805739,,,1.188,42.69692921,,,,,,,,,,
487,108.9233799,767,1.06535,65.25945338,,,1.188,42.77060856,,,,,,,,,,
488,108.9690655,768,1.2032625,73.83452361,,,1.188,42.84433468,,,,,,,,,,
489,109.0147511,769,1.236125,75.98163697,,,1.188,42.91810758,,,,,,,,,,
490,109.0604367,770,1.271875,78.3135727,,,1.188,42.99192726,,,,,,,,,,
491,109.0040882,771,1.285625,79.22205838,,,1.188,43.02551935,,,,,,,,,,
492,108.9477397,772,1.287,79.36860012,,,1.188,43.05905374,,,,,,,,,,
493,108.8913912,773,1.287,79.43030604,,,1.188,43.09253044,,,,,,,,,,
494,108.8350427,774,1.287,79.49190562,,,1.188,43.12594944,,,,,,,,,,
495,108.7786942,775,1.288375,79.63839179,,,1.188,43.15931074,,,,,,,,,,
496,108.7223457,776,1.29525,80.12513692,,,1.188,43.19261435,,,,,,,,,,
497,108.6659972,777,1.288375,79.76119026,,,1.188,43.22586027,,,,,,,,,,
498,108.6096487,778,1.287,79.73724044,,,1.188,43.25904849,,,,,,,,,,
499,108.5533002,779,1.285625,79.71305368,,,1.188,43.29217901,,,,,,,,,,
500,108.4969517,780,1.277375,79.26203165,,,1.188,43.32525184,,,,,,,,,,
501,108.5845407,781,1.276,79.34222137,,,1.188,43.41581811,,,,,,,,,,
502,108.6721297,782,1.276,79.50789472,,,1.188,43.50647405,,,,,,,,,,
503,108.7597186,783,1.274625,79.58787665,,,1.188,43.59721968,,,,,,,,,,
504,108.8473076,784,1.26775,79.32352794,,,1.188,43.68805499,,,,,,,,,,
505,108.9348965,785,1.274625,79.91968489,,,1.188,43.77897998,,,,,,,,,,
506,109.0224855,786,1.27325,79.9994421,,,1.188,43.86999466,,,,,,,,,,
507,109.1100745,787,1.255375,79.04014145,,,1.188,43.96109902,,,,,,,,,,
508,109.1976634,788,1.243,78.42334102,,,1.188,44.05229306,,,,,,,,,,
509,109.2852524,789,1.22925,77.71653484,,,1.188,44.14357678,,,,,,,,,,
510,109.3728414,790,1.2045,76.30940001,,,1.188,44.23495019,,,,,,,,,,
511,109.3972013,791,1.20725,76.59749337,,,1.188,44.30080844,,,,,,,,,,
512,109.4215612,792,1.199,76.18718375,,,1.188,44.36669164,,,,,,,,,,
513,109.4459212,793,1.19075,75.77535975,,,1.188,44.43259977,,,,,,,,,,
514,109.4702811,794,1.197625,76.3259533,,,1.188,44.49853285,,,,,,,,,,
515,109.494641,795,1.19625,76.35132742,,,1.188,44.56449087,,,,,,,,,,
516,109.5190009,796,1.1825,75.58547367,,,1.188,44.63047383,,,,,,,,,,
517,109.5433609,797,1.199,76.75350451,,,1.188,44.69648173,,,,,,,,,,
518,109.5677208,798,1.2155,77.9246985,,,1.188,44.76251458,,,,,,,,,,
519,109.5920807,799,1.199,76.98033264,,,1.188,44.82857237,,,,,,,,,,
520,109.6164406,800,1.181125,75.94447661,,,1.188,44.8946551,,,,,,,,,,
521,109.5581435,801,1.186625,76.35286235,,,1.188,44.92686731,,,,,,,,,,
522,109.4998463,802,1.18525,76.31896823,,,1.188,44.95901984,,,,,,,,,,
523,109.4415492,803,1.1715,75.48744369,,,1.188,44.99111267,,,,,,,,,,
524,109.383252,804,1.181125,76.16183344,,,1.188,45.02314581,,,,,,,,,,
525,109.3249549,805,1.164625,75.15120422,,,1.188,45.05511926,,,,,,,,,,
526,109.2666577,806,1.192125,76.98021946,,,1.188,45.08703302,,,,,,,,,,
527,109.2083606,807,1.189375,76.8569023,,,1.188,45.11888709,,,,,,,,,,
528,109.1500634,808,1.183875,76.55540374,,,1.188,45.15068147,,,,,,,,,,
529,109.0917662,809,1.159125,75.0076253,,,1.188,45.18241616,,,,,,,,,,
530,109.0334691,810,1.155,74.79309099,,,1.188,45.21409116,,,,,,,,,,
531,109.0990033,811,1.150875,74.66282907,,,1.188,45.29712035,,,,,,,,,,
532,109.1645375,812,1.12475,73.10183162,,,1.188,45.38021665,,,,,,,,,,
533,109.2300717,813,1.0973875,71.45414415,,,1.188,45.46338004,,,,,,,,,,
534,109.2956059,814,1.0049875,65.5575048,,,1.188,45.54661054,,,,,,,,,,
535,109.3611401,815,0.9747375,63.70051755,,,1.188,45.62990813,,,,,,,,,,
536,109.4266743,816,0.924275,60.51307381,,,1.188,45.71327283,,,,,,,,,,
537,109.4922085,817,0.9273,60.82192769,,,1.188,45.79670463,,,,,,,,,,
538,109.5577427,818,0.9174,60.282293,,,1.188,45.88020353,,,,,,,,,,
539,109.6232769,819,0.9758375,64.23900916,,,1.188,45.96376953,,,,,,,,,,
540,109.6888111,820,0.96965,63.94783297,,,1.188,46.04740262,,,,,,,,,,
541,109.6694193,821,1.069475,70.60476087,,,1.188,46.09540738,,,,,,,,,,
542,109.6500275,822,1.012,66.87991669,,,1.188,46.14339229,,,,,,,,,,
543,109.6306357,823,0.8122125,53.73238095,,,1.188,46.19135733,,,,,,,,,,
544,109.6112439,824,0.994125,65.83517009,,,1.188,46.23930253,,,,,,,,,,
545,109.5918521,825,1.0539375,69.8685485,,,1.188,46.28722786,,,,,,,,,,
546,109.5724603,826,1.0360625,68.75464815,,,1.188,46.33513334,,,,,,,,,,
547,109.5530685,827,1.054625,70.05881167,,,1.188,46.38301897,,,,,,,,,,
548,109.5336767,828,0.9612625,63.92263241,,,1.188,46.43088474,,,,,,,,,,
549,109.5142849,829,1.006775,67.01814048,,,1.188,46.47873066,,,,,,,,,,
550,109.4948931,830,1.007325,67.12375096,,,1.188,46.52655672,,,,,,,,,,
551,109.4646595,831,1.0080125,67.23192098,,,1.188,46.56975045,,,,,,,,,,
552,109.4344258,832,0.9937125,66.33957596,,,1.188,46.61291322,,,,,,,,,,
553,109.4041921,833,1.0377125,69.34108958,,,1.188,46.65604503,,,,,,,,,,
554,109.3739585,834,1.03675,69.34077217,,,1.188,46.69914589,,,,,,,,,,
555,109.3437248,835,1.0863875,72.72768237,,,1.188,46.7422158,,,,,,,,,,
556,109.3134911,836,1.076625,72.14050044,,,1.188,46.78525475,,,,,,,,,,
557,109.2832575,837,1.103575,74.01429246,,,1.188,46.82826274,,,,,,,,,,
558,109.2530238,838,1.0978,73.69454799,,,1.188,46.87123977,,,,,,,,,,
559,109.2227901,839,1.099175,73.85445846,,,1.188,46.91418585,,,,,,,,,,
560,109.1925565,840,1.10935,74.60630929,,,1.188,46.95710097,,,,,,,,,,
561,109.1821838,841,1.1088,74.65100143,,,1.188,47.00853631,,,,,,,,,,
562,109.1718111,842,1.096425,73.89859553,,,1.188,47.05996102,,,,,,,,,,
563,109.1614384,843,1.0968375,74.00716415,,,1.188,47.11137511,,,,,,,,,,
564,109.1510657,844,1.08735,73.44706306,,,1.188,47.16277858,,,,,,,,,,
565,109.140693,845,1.1086625,74.96825852,,,1.188,47.21417143,,,,,,,,,,
566,109.1303203,846,1.1163625,75.57108908,,,1.188,47.26555366,,,,,,,,,,
567,109.1199476,847,1.0921625,74.01324888,,,1.188,47.31692527,,,,,,,,,,
568,109.1095749,848,1.087075,73.74844588,,,1.188,47.36828626,,,,,,,,,,
569,109.0992022,849,1.069475,72.63309503,,,1.188,47.41963663,,,,,,,,,,
570,109.0888295,850,1.0038875,68.25255331,,,1.188,47.47097638,,,,,,,,,,
571,109.143365,851,1.057375,72.00963111,,,1.188,47.55058411,,,,,,,,,,
572,109.1979005,852,1.0637,72.56174047,,,1.188,47.63024769,,,,,,,,,,
573,109.2524361,853,1.04335,71.29266173,,,1.188,47.70996711,,,,,,,,,,
574,109.3069716,854,0.957825,65.55812885,,,1.188,47.78974237,,,,,,,,,,
575,109.3615071,855,1.0008625,68.61825464,,,1.188,47.86957346,,,,,,,,,,
576,109.4160426,856,1.0613625,72.88751691,,,1.188,47.9494604,,,,,,,,,,
577,109.4705781,857,1.0852875,74.65479082,,,1.188,48.02940317,,,,,,,,,,
578,109.5251136,858,1.0879,74.9591452,,,1.188,48.10940178,,,,,,,,,,
579,109.5796491,859,1.08735,75.04591836,,,1.188,48.18945624,,,,,,,,,,
580,109.6341846,860,1.0839125,74.93303368,,,1.188,48.26956653,,,,,,,,,,
581,109.5596191,861,1.0836375,74.95012116,,,1.188,48.29282616,,,,,,,,,,
582,109.4850535,862,1.090925,75.4903856,,,1.188,48.31600944,,,,,,,,,,
583,109.410488,863,1.09395,75.73591417,,,1.188,48.33911638,,,,,,,,,,
584,109.3359225,864,1.074425,74.41960652,,,1.188,48.36214696,,,,,,,,,,
585,109.2613569,865,1.0426625,72.25386775,,,1.188,48.3851012,,,,,,,,,,
586,109.1867914,866,0.9563125,66.30136609,,,1.188,48.40797909,,,,,,,,,,
587,109.1122258,867,1.0011375,69.44178734,,,1.188,48.43078064,,,,,,,,,,
588,109.0376603,868,1.04445,72.48006129,,,1.188,48.45350583,,,,,,,,,,
589,108.9630948,869,1.0454125,72.58076531,,,1.188,48.47615468,,,,,,,,,,
590,108.8885292,870,1.0571,73.426378,,,1.188,48.49872718,,,,,,,,,,
591,108.8356965,871,1.0498125,72.96858156,,,1.188,48.53091422,,,,,,,,,,
592,108.7828638,872,1.0572375,73.53332097,,,1.188,48.56304716,,,,,,,,,,
593,108.7300311,873,1.048575,72.97899924,,,1.188,48.595126,,,,,,,,,,
594,108.6771984,874,1.032075,71.8779651,,,1.188,48.62715075,,,,,,,,,,
595,108.6243657,875,1.0219,71.21612744,,,1.188,48.65912141,,,,,,,,,,
596,108.571533,876,1.0418375,72.65319373,,,1.188,48.69103796,,,,,,,,,,
597,108.5187003,877,1.047475,73.09412843,,,1.188,48.72290043,,,,,,,,,,
598,108.4658676,878,1.0432125,72.84421055,,,1.188,48.75470879,,,,,,,,,,
599,108.4130349,879,1.0300125,71.96934014,,,1.188,48.78646307,,,,,,,,,,
600,108.3602021,880,1.026025,71.73730712,,,1.188,48.81816324,,,,,,,,,,
601,108.3588513,881,1.0041625,70.28763782,,,1.188,48.87302914,,,,,,,,,,
602,108.3575004,882,1.0192875,71.42642441,,,1.188,48.92789365,,,,,,,,,,
603,108.3561495,883,1.020525,71.59333014,,,1.188,48.98275678,,,,,,,,,,
604,108.3547986,884,1.0242375,71.93425253,,,1.188,49.03761852,,,,,,,,,,
605,108.3534477,885,1.0294625,72.38210104,,,1.188,49.09247889,,,,,,,,,,
606,108.3520968,886,1.001,70.45953425,,,1.188,49.14733787,,,,,,,,,,
607,108.3507459,887,1.0000375,70.47035506,,,1.188,49.20219546,,,,,,,,,,
608,108.3493951,888,1.012,71.39283329,,,1.188,49.25705168,,,,,,,,,,
609,108.3480442,889,1.0220375,72.18123635,,,1.188,49.31190651,,,,,,,,,,
610,108.3466933,890,1.0148875,71.75599979,,,1.188,49.36675995,,,,,,,,,,
611,108.3242724,891,1.0126875,71.66606886,,,1.188,49.41200096,,,,,,,,,,
612,108.3018515,892,0.994125,70.41681532,,,1.188,49.45721902,,,,,,,,,,
613,108.2794306,893,0.9598875,68.05380417,,,1.188,49.50241411,,,,,,,,,,
614,108.2570098,894,0.9317,66.11565272,,,1.188,49.54758625,,,,,,,,,,
615,108.2345889,895,0.8903125,63.23626731,,,1.188,49.59273544,,,,,,,,,,
616,108.212168,896,0.8298125,58.99276185,,,1.188,49.63786166,,,,,,,,,,
617,108.1897471,897,0.75075,53.42057252,,,1.188,49.68296493,,,,,,,,,,
618,108.1673263,898,0.7572125,53.92930885,,,1.188,49.72804524,,,,,,,,,,
619,108.1449054,899,0.651475,46.44063611,,,1.188,49.7731026,,,,,,,,,,
620,108.1224845,900,0.7679375,54.79223933,,,1.188,49.818137,,,,,,,,,,
621,108.1422927,901,0.686675,49.0575944,,,1.188,49.88262737,,,,,,,,,,
622,108.1621008,902,0.7261375,51.94397319,,,1.188,49.94713802,,,,,,,,,,
623,108.181909,903,0.774125,55.44828687,,,1.188,50.01166896,,,,,,,,,,
624,108.2017172,904,0.901175,64.63181729,,,1.188,50.07622017,,,,,,,,,,
625,108.2215254,905,0.8944375,64.23132452,,,1.188,50.14079167,,,,,,,,,,
626,108.2413335,906,0.837375,60.21101816,,,1.188,50.20538345,,,,,,,,,,
627,108.2611417,907,0.7211875,51.92335293,,,1.188,50.26999551,,,,,,,,,,
628,108.2809499,908,0.7203625,51.93063709,,,1.188,50.33462785,,,,,,,,,,
629,108.3007581,909,0.7541875,54.43890214,,,1.188,50.39928048,,,,,,,,,,
630,108.3205662,910,0.702075,50.74233767,,,1.188,50.46395338,,,,,,,,,,
631,108.3856496,911,0.729575,52.81955695,,,1.188,50.54976236,,,,,,,,,,
632,108.4507329,912,0.7445625,53.99619253,,,1.188,50.63563797,,,,,,,,,,
633,108.5158162,913,0.697675,50.68175305,,,1.188,50.72158023,,,,,,,,,,
634,108.5808995,914,0.6947875,50.55757979,,,1.188,50.80758912,,,,,,,,,,
635,108.6459829,915,0.7227,52.67778076,,,1.188,50.89366465,,,,,,,,,,
636,108.7110662,916,0.667425,48.7311149,,,1.188,50.97980682,,,,,,,,,,
637,108.7761495,917,0.760925,55.65183883,,,1.188,51.06601563,,,,,,,,,,
638,108.8412329,918,0.6890125,50.47750531,,,1.188,51.15229108,,,,,,,,,,
639,108.9063162,919,0.7913125,58.06992353,,,1.188,51.23863317,,,,,,,,,,
640,108.9713995,920,0.8204625,60.3106127,,,1.188,51.32504189,,,,,,,,,,
641,108.8483919,921,0.83985,61.73309095,,,1.188,51.32283095,,,,,,,,,,
642,108.7253842,922,0.7849875,57.69780105,,,1.188,51.32049407,,,,,,,,,,
643,108.6023766,923,0.8078125,59.37262463,,,1.188,51.31803123,,,,,,,,,,
644,108.4793689,924,0.792825,58.26813342,,,1.188,51.31544245,,,,,,,,,,
645,108.3563613,925,0.780175,57.33539692,,,1.188,51.31272772,,,,,,,,,,
646,108.2333536,926,0.78375,57.59493657,,,1.188,51.30988704,,,,,,,,,,
647,108.110346,927,0.8248625,60.61263995,,,1.188,51.30692041,,,,,,,,,,
648,107.9873383,928,0.6686625,49.13177216,,,1.188,51.30382784,,,,,,,,,,
649,107.8643307,929,0.5938625,43.6329039,,,1.188,51.30060932,,,,,,,,,,
650,107.741323,930,0.4873,35.80109521,,,1.188,51.29726485,,,,,,,,,,
651,107.685868,931,0.4371125,32.13188978,,,1.188,51.32599183,,,,,,,,,,
652,107.630413,932,0.3377,24.83800031,,,1.188,51.35466204,,,,,,,,,,
653,107.5749579,933,0.2655125,19.53945514,,,1.188,51.38327547,,,,,,,,,,
654,107.5195029,934,0.18645,13.72875517,,,1.188,51.41183211,,,,,,,,,,
655,107.4640479,935,0.24805,18.27463393,,,1.188,51.44033198,,,,,,,,,,
656,107.4085929,936,0.1896125,13.97708121,,,1.188,51.46877506,,,,,,,,,,
657,107.3531378,937,0.1841125,13.57913974,,,1.188,51.49716137,,,,,,,,,,
658,107.2976828,938,0.2421375,17.86857355,,,1.188,51.52549089,,,,,,,,,,
659,107.2422278,939,0.420475,31.04604247,,,1.188,51.55376363,,,,,,,,,,
660,107.1867728,940,0.4934875,36.4569098,,,1.188,51.5819796,,,,,,,,,,
661,107.2095875,941,0.42625,31.5298779,,,1.188,51.64784497,,,,,,,,,,
662,107.2324023,942,0.4225375,31.29513613,,,1.188,51.7137337,,,,,,,,,,
663,107.255217,943,0.3240875,24.03405484,,,1.188,51.77964579,,,,,,,,,,
664,107.2780317,944,0.3238125,24.04423972,,,1.188,51.84558124,,,,,,,,,,
665,107.3008465,945,0.3686375,27.40748072,,,1.188,51.91154005,,,,,,,,,,
666,107.3236612,946,0.2613875,19.45835309,,,1.188,51.97752222,,,,,,,,,,
667,107.346476,947,0.3694625,27.53865872,,,1.188,52.04352775,,,,,,,,,,
668,107.3692907,948,0.3438875,25.66489312,,,1.188,52.10955664,,,,,,,,,,
669,107.3921055,949,0.464475,34.70847732,,,1.188,52.17560889,,,,,,,,,,
670,107.4149202,950,0.2553375,19.10457874,,,1.188,52.2416845,,,,,,,,,,
671,107.4626927,951,0.4547125,34.07295323,,,1.188,52.31993455,,,,,,,,,,
672,107.5104652,952,0.3345375,25.10539998,,,1.188,52.39823351,,,,,,,,,,
673,107.5582377,953,0.3779875,28.40852367,,,1.188,52.47658139,,,,,,,,,,
674,107.6060102,954,0.4428875,33.33596067,,,1.188,52.55497818,,,,,,,,,,
675,107.6537827,955,0.383625,28.91839702,,,1.188,52.63342389,,,,,,,,,,
676,107.7015551,956,0.35365,26.69858086,,,1.188,52.71191851,,,,,,,,,,
677,107.7493276,957,0.3309625,25.0230327,,,1.188,52.79046204,,,,,,,,,,
678,107.7971001,958,0.4679125,35.43005959,,,1.188,52.86905449,,,,,,,,,,
679,107.8448726,959,0.4285875,32.5006658,,,1.188,52.94769585,,,,,,,,,,
680,107.8926451,960,0.4602125,34.95072045,,,1.188,53.02638613,,,,,,,,,,
681,107.8541314,961,0.49775,37.82736502,,,1.188,53.06267375,,,,,,,,,,
682,107.8156176,962,0.496375,37.74863879,,,1.188,53.09892193,,,,,,,,,,
683,107.7771039,963,0.539275,41.03909097,,,1.188,53.13513068,,,,,,,,,,
684,107.7385901,964,0.51535,39.24508291,,,1.188,53.1713,,,,,,,,,,
685,107.7000764,965,0.545875,41.59787813,,,1.188,53.20742988,,,,,,,,,,
686,107.6615627,966,0.5512375,42.03501518,,,1.188,53.24352032,,,,,,,,,,
687,107.6230489,967,0.5715875,43.61633167,,,1.188,53.27957134,,,,,,,,,,
688,107.5845352,968,0.6991875,53.38921179,,,1.188,53.31558291,,,,,,,,,,
689,107.5460215,969,0.7407125,56.59817767,,,1.188,53.35155506,,,,,,,,,,
690,107.5075077,970,0.714175,54.60718891,,,1.188,53.38748777,,,,,,,,,,
691,107.4116473,971,0.7687625,58.78918588,,,1.188,53.39487371,,,,,,,,,,
692,107.3157869,972,0.7470375,57.13561824,,,1.188,53.40216151,,,,,,,,,,
693,107.2199265,973,0.672375,51.43213481,,,1.188,53.40935115,,,,,,,,,,
694,107.124066,974,0.6375875,48.77760226,,,1.188,53.41644264,,,,,,,,,,
695,107.0282056,975,0.6424,49.15220902,,,1.188,53.42343597,,,,,,,,,,
696,106.9323452,976,0.6386875,48.87446026,,,1.188,53.43033116,,,,,,,,,,
697,106.8364848,977,0.6881875,52.6690618,,,1.188,53.4371282,,,,,,,,,,
698,106.7406244,978,0.6807625,52.10733555,,,1.188,53.44382708,,,,,,,,,,
699,106.6447639,979,0.6919,52.96636977,,,1.188,53.45042781,,,,,,,,,,
700,106.5489035,980,0.6826875,52.26749182,,,1.188,53.45693039,,,,,,,,,,
701,106.511155,981,0.7643625,58.5596028,,,1.188,53.49252005,,,,,,,,,,
702,106.4734065,982,0.758725,58.16633226,,,1.188,53.52807107,,,,,,,,,,
703,106.435658,983,0.7462125,57.24503636,,,1.188,53.56358343,,,,,,,,,,
704,106.3979095,984,0.7924125,60.82948783,,,1.188,53.59905715,,,,,,,,,,
705,106.360161,985,0.77,59.14807166,,,1.188,53.63449221,,,,,,,,,,
706,106.3224125,986,0.8135875,62.5375198,,,1.188,53.66988862,,,,,,,,,,
707,106.284664,987,0.8118,62.4412304,,,1.188,53.70524638,,,,,,,,,,
708,106.2469155,988,0.808775,62.24946773,,,1.188,53.74056549,,,,,,,,,,
709,106.209167,989,0.8174375,62.95750376,,,1.188,53.77584595,,,,,,,,,,
710,106.1714185,990,0.808225,62.28876827,,,1.188,53.81108776,,,,,,,,,,
711,106.1642665,991,0.8229375,63.48242661,,,1.188,53.86181383,,,,,,,,,,
712,106.1571144,992,0.82225,63.48912002,,,1.188,53.91253257,,,,,,,,,,
713,106.1499623,993,0.8127625,62.81558357,,,1.188,53.96324399,,,,,,,,,,
714,106.1428102,994,0.8245875,63.78937716,,,1.188,54.01394809,,,,,,,,,,
715,106.1356581,995,0.8248625,63.87054275,,,1.188,54.06464487,,,,,,,,,,
716,106.1285061,996,0.820875,63.62137736,,,1.188,54.11533432,,,,,,,,,,
717,106.121354,997,0.8129,63.06228643,,,1.188,54.16601645,,,,,,,,,,
718,106.1142019,998,0.8107,62.95045519,,,1.188,54.21669126,,,,,,,,,,
719,106.1070498,999,0.809325,62.90241685,,,1.188,54.26735874,,,,,,,,,,
720,106.0998977,1000,0.80795,62.85417047,,,1.188,54.3180189,,,,,,,,,,
721,105.9787323,1001,0.8127625,63.21950687,,,1.188,54.31024406,,,,,,,,,,
722,105.8575669,1002,0.801625,62.34412454,,,1.188,54.30234516,,,,,,,,,,
723,105.7364015,1003,0.8028625,62.4311423,,,1.188,54.2943222,,,,,,,,,,
724,105.6152362,1004,0.788975,61.34203477,,,1.188,54.28617518,,,,,,,,,,
725,105.4940708,1005,0.7579,58.9170059,,,1.188,54.2779041,,,,,,,,,,
726,105.3729054,1006,0.7797625,60.60715938,,,1.188,54.26950895,,,,,,,,,,
727,105.25174,1007,0.795575,61.82648133,,,1.188,54.26098975,,,,,,,,,,
728,105.1305746,1008,0.7965375,61.89141975,,,1.188,54.25234648,,,,,,,,,,
729,105.0094092,1009,0.790625,61.42208753,,,1.188,54.24357915,,,,,,,,,,
730,104.8882438,1010,0.7893875,61.31589631,,,1.188,54.23468775,,,,,,,,,,
731,104.778763,1011,0.792,61.51545671,,,1.188,54.23172006,,,,,,,,,,
732,104.6692822,1012,0.7891125,61.28770091,,,1.188,54.22864027,,,,,,,,,,
733,104.5598015,1013,0.78815,61.20934381,,,1.188,54.22544839,,,,,,,,,,
734,104.4503207,1014,0.7887,61.24832582,,,1.188,54.2221444,,,,,,,,,,
735,104.3408399,1015,0.7788,60.47570807,,,1.188,54.21872832,,,,,,,,,,
736,104.2313591,1016,0.7783875,60.43974319,,,1.188,54.21520014,,,,,,,,,,
737,104.1218784,1017,0.7737125,60.07270788,,,1.188,54.21155986,,,,,,,,,,
738,104.0123976,1018,0.77825,60.42082672,,,1.188,54.20780749,,,,,,,,,,
739,103.9029168,1019,0.7605125,59.03953504,,,1.188,54.20394301,,,,,,,,,,
740,103.793436,1020,0.7657375,59.44079723,,,1.188,54.19996644,,,,,,,,,,
741,103.5517551,1021,0.7679375,59.53107573,,,1.188,54.1267764,,,,,,,,,,
742,103.3100742,1022,0.7591375,58.76904898,,,1.188,54.0533389,,,,,,,,,,
743,103.0683932,1023,0.7610625,58.8377574,,,1.188,53.97965394,,,,,,,,,,
744,102.8267123,1024,0.7594125,58.62978434,,,1.188,53.90572152,,,,,,,,,,
745,102.5850313,1025,0.7643625,58.93073823,,,1.188,53.83154164,,,,,,,,,,
746,102.3433504,1026,0.7632625,58.76457033,,,1.188,53.75711431,,,,,,,,,,
747,102.1016695,1027,0.76065,58.48207925,,,1.188,53.68243951,,,,,,,,,,
748,101.8599885,1028,0.7599625,58.34767413,,,1.188,53.60751726,,,,,,,,,,
749,101.6183076,1029,0.7541875,57.82309197,,,1.188,53.53234755,,,,,,,,,,
750,101.3766266,1030,0.7566625,57.93111933,,,1.188,53.45693039,,,,,,,,,,
751,101.087423,1031,0.7541875,57.63280661,,,1.188,53.35618226,,,,,,,,,,
752,100.7982195,1032,0.7528125,57.41878892,,,1.188,53.25513801,,,,,,,,,,
753,100.5090159,1033,0.7436,56.60820341,,,1.188,53.15379765,,,,,,,,,,
754,100.2198123,1034,0.745525,56.64622639,,,1.188,53.05216117,,,,,,,,,,
755,99.9306087,1035,0.747725,56.70422675,,,1.188,52.95022857,,,,,,,,,,
756,99.64140512,1036,0.7470375,56.54271399,,,1.188,52.84799986,,,,,,,,,,
757,99.35220153,1037,0.74085,55.96560271,,,1.188,52.74547503,,,,,,,,,,
758,99.06299795,1038,0.7379625,55.63880099,,,1.188,52.64265409,,,,,,,,,,
759,98.77379436,1039,0.7403,55.70570601,,,1.188,52.53953702,,,,,,,,,,
760,98.48459077,1040,0.73755,55.38953763,,,1.188,52.43612385,,,,,,,,,,
761,98.12596926,1041,0.737,55.19971373,,,1.188,52.29541884,,,,,,,,,,
762,97.76734774,1042,0.7360375,54.9789122,,,1.188,52.15434665,,,,,,,,,,
763,97.40872622,1043,0.730675,54.4303428,,,1.188,52.01290725,,,,,,,,,,
764,97.05010471,1044,0.731775,54.36366453,,,1.188,51.87110067,,,,,,,,,,
765,96.69148319,1045,0.7272375,53.87849131,,,1.188,51.72892689,,,,,,,,,,
766,96.33286168,1046,0.71335,52.70398578,,,1.188,51.58638592,,,,,,,,,,
767,95.97424016,1047,0.71995,53.04425433,,,1.188,51.44347775,,,,,,,,,,
768,95.61561864,1048,0.725725,53.32082428,,,1.188,51.3002024,,,,,,,,,,
769,95.25699713,1049,0.7227,52.94989194,,,1.188,51.15655984,,,,,,,,,,
770,94.89837561,1050,0.71885,52.51955085,,,1.188,51.0125501,,,,,,,,,,
771,94.41471656,1051,0.71775,52.22161028,,,1.188,50.80089531,,,,,,,,,,
772,93.93105752,1052,0.714175,51.74450582,,,1.188,50.5887453,,,,,,,,,,
773,93.44739847,1053,0.7117,51.34843372,,,1.188,50.37610008,,,,,,,,,,
774,92.96373942,1054,0.71005,51.0126372,,,1.188,50.16295963,,,,,,,,,,
775,92.48008037,1055,0.71115,50.87407443,,,1.188,49.94932397,,,,,,,,,,
776,91.99642132,1056,0.7095,50.5384479,,,1.188,49.73519308,,,,,,,,,,
777,91.51276227,1057,0.7066125,50.1155633,,,1.188,49.52056698,,,,,,,,,,
778,91.02910322,1058,0.69795,49.28614973,,,1.188,49.30544565,,,,,,,,,,
779,90.54544417,1059,0.68365,48.0652306,,,1.188,49.0898291,,,,,,,,,,
780,90.06178513,1060,0.693,48.50810392,,,1.188,48.87371734,,,,,,,,,,
781,89.58843412,1061,0.6846125,47.71410728,,,1.188,48.66270948,,,,,,,,,,
782,89.11508312,1062,0.691075,47.95518428,,,1.188,48.45121697,,,,,,,,,,
783,88.64173212,1063,0.6857125,47.37488986,,,1.188,48.23923978,,,,,,,,,,
784,88.16838112,1064,0.69135,47.55400623,,,1.188,48.02677793,,,,,,,,,,
785,87.69503012,1065,0.6884625,47.145422,,,1.188,47.81383141,,,,,,,,,,
786,87.22167911,1066,0.6787,46.26942958,,,1.188,47.60040023,,,,,,,,,,
787,86.74832811,1067,0.6802125,46.16414431,,,1.188,47.38648438,,,,,,,,,,
788,86.27497711,1068,0.6754,45.63014095,,,1.188,47.17208387,,,,,,,,,,
789,85.80162611,1069,0.6505125,43.74853542,,,1.188,46.95719869,,,,,,,,,,
790,85.32827511,1070,0.662475,44.34869926,,,1.188,46.74182884,,,,,,,,,,
791,84.79210054,1071,0.6747125,44.92605346,,,1.188,46.49152816,,,,,,,,,,
792,84.25592598,1072,0.6738875,44.62901384,,,1.188,46.24067848,,,,,,,,,,
793,83.71975141,1073,0.666325,43.8882646,,,1.188,45.98927982,,,,,,,,,,
794,83.18357685,1074,0.6755375,44.25129483,,,1.188,45.73733216,,,,,,,,,,
795,82.64740228,1075,0.6571125,42.80672958,,,1.188,45.48483551,,,,,,,,,,
796,82.11122772,1076,0.6699,43.39697354,,,1.188,45.23178987,,,,,,,,,,
797,81.57505315,1077,0.6645375,42.80822401,,,1.188,44.97819524,,,,,,,,,,
798,81.03887859,1078,0.662475,42.43422998,,,1.188,44.72405162,,,,,,,,,,
799,80.50270402,1079,0.6622,42.17506279,,,1.188,44.46935901,,,,,,,,,,
800,79.96652945,1080,0.654225,41.42798286,,,1.188,44.2141174,,,,,,,,,,
801,79.44517068,1081,0.640475,40.33016764,,,1.188,43.96652616,,,,,,,,,,
802,78.9238119,1082,0.6466625,40.48998716,,,1.188,43.71840109,,,,,,,,,,
803,78.40245312,1083,0.6518875,40.5849869,,,1.188,43.46974221,,,,,,,,,,
804,77.88109434,1084,0.639375,39.57779796,,,1.188,43.2205495,,,,,,,,,,
805,77.35973557,1085,0.643775,39.61990873,,,1.188,42.97082297,,,,,,,,,,
806,76.83837679,1086,0.6153125,37.64769517,,,1.188,42.72056262,,,,,,,,,,
807,76.31701801,1087,0.623425,37.92012839,,,1.188,42.46976845,,,,,,,,,,
808,75.79565923,1088,0.6447375,38.98439595,,,1.188,42.21844046,,,,,,,,,,
809,75.27430046,1089,0.6342875,38.12373212,,,1.188,41.96657865,,,,,,,,,,
810,74.75294168,1090,0.6172375,36.87582436,,,1.188,41.71418301,,,,,,,,,,
811,74.12638222,1091,0.6402,37.96189412,,,1.188,41.40249485,,,,,,,,,,
812,73.49982276,1092,0.6292,37.02817373,,,1.188,41.09016515,,,,,,,,,,
813,72.87326331,1093,0.57365,33.50194539,,,1.188,40.77719391,,,,,,,,,,
814,72.24670385,1094,0.5852,33.91363376,,,1.188,40.46358114,,,,,,,,,,
815,71.62014439,1095,0.571175,32.8437812,,,1.188,40.14932683,,,,,,,,,,
816,70.99358494,1096,0.56485,32.22533516,,,1.188,39.83443098,,,,,,,,,,
817,70.36702548,1097,0.614075,34.75616787,,,1.188,39.5188936,,,,,,,,,,
818,69.74046602,1098,0.5630625,31.61392641,,,1.188,39.20271468,,,,,,,,,,
819,69.11390657,1099,0.553025,30.79942062,,,1.188,38.88589423,,,,,,,,,,
820,68.48734711,1100,0.537075,29.66693054,,,1.188,38.56843224,,,,,,,,,,
821,67.77798237,1101,0.5401,29.55185732,,,1.188,38.20365479,,,,,,,,,,
822,67.06861763,1102,0.5182375,28.08435368,,,1.188,37.83815101,,,,,,,,,,
823,66.35925289,1103,0.51205,27.48046134,,,1.188,37.47192092,,,,,,,,,,
824,65.64988815,1104,0.517825,27.51824458,,,1.188,37.1049645,,,,,,,,,,
825,64.94052341,1105,0.5352875,28.16435521,,,1.188,36.73728177,,,,,,,,,,
826,64.23115867,1106,0.4632375,24.12899542,,,1.188,36.36887271,,,,,,,,,,
827,63.52179393,1107,0.5091625,26.25194189,,,1.188,35.99973733,,,,,,,,,,
828,62.81242919,1108,0.464475,23.70185527,,,1.188,35.62987564,,,,,,,,,,
829,62.10306445,1109,0.46255,23.35812137,,,1.188,35.25928762,,,,,,,,,,
830,61.39369971,1110,0.4965125,24.80913484,,,1.188,34.88797328,,,,,,,,,,
831,60.62918073,1111,0.39545,19.53088789,,,1.188,34.48456208,,,,,,,,,,
832,59.86466175,1112,0.4222625,20.61068773,,,1.188,34.08036809,,,,,,,,,,
833,59.10014278,1113,0.3188625,15.37877665,,,1.188,33.67539131,,,,,,,,,,
834,58.3356238,1114,0.3177625,15.1410617,,,1.188,33.26963174,,,,,,,,,,
835,57.57110482,1115,0.274175,12.90452229,,,1.188,32.86308937,,,,,,,,,,
836,56.80658585,1116,0.21098,9.80705971,,,1.188,32.45576421,,,,,,,,,,
837,56.04206687,1117,0.12298,5.644642669,,,1.188,32.04765625,,,,,,,,,,
838,55.2775479,1118,0.20548,9.310966812,,,1.188,31.63876551,,,,,,,,,,
839,54.51302892,1119,0.1425875,6.377441787,,,1.188,31.22909196,,,,,,,,,,
840,53.74850994,1120,0.158125,6.979424902,,,1.188,30.81863563,,,,,,,,,,
841,52.92069796,1121,0.1833425,7.974968447,,,1.188,30.37107278,,,,,,,,,,
842,52.09288598,1122,0.1101925,4.722347696,,,1.188,29.92266234,,,,,,,,,,
843,51.265074,1123,0.1316425,5.556894028,,,1.188,29.47340429,,,,,,,,,,
844,50.43726202,1124,0.1265,5.258271282,,,1.188,29.02329865,,,,,,,,,,
845,49.60945004,1125,0.1407175,5.758371692,,,1.188,28.57234541,,,,,,,,,,
846,48.78163806,1126,0.0837925,3.3746953,,,1.188,28.12054456,,,,,,,,,,
847,47.95382608,1127,0.15019125,5.951500306,,,1.188,27.66789612,,,,,,,,,,
848,47.1260141,1128,0.117755,4.589694869,,,1.188,27.21440008,,,,,,,,,,
849,46.29820212,1129,0.11072875,4.243782468,,,1.188,26.76005644,,,,,,,,,,
850,45.47039014,1130,0.1132175,4.265356479,,,1.188,26.3048652,,,,,,,,,,
851,44.58333046,1131,0.2850925,10.54036266,,,1.188,25.81452092,,,,,,,,,,
852,43.69627079,1132,0.253825,9.205764154,,,1.188,25.32326837,,,,,,,,,,
853,42.80921111,1133,0.1639825,5.831755213,,,1.188,24.83110756,,,,,,,,,,
854,41.92215143,1134,0.057475,2.003411883,,,1.188,24.33803849,,,,,,,,,,
855,41.03509175,1135,0.036025,1.230240184,,,1.188,23.84406115,,,,,,,,,,
856,40.14803208,1136,0.14718,4.921823561,,,1.188,23.34917555,,,,,,,,,,
857,39.2609724,1137,0.2822875,9.239486017,,,1.188,22.85338169,,,,,,,,,,
858,38.37391272,1138,0.2479125,7.938005928,,,1.188,22.35667956,,,,,,,,,,
859,37.48685304,1139,0.308825,9.668293068,,,1.188,21.85906917,,,,,,,,,,
860,36.59979337,1140,0.2778875,8.501335291,,,1.188,21.36055052,,,,,,,,,,
861,35.75293039,1141,0.2250875,6.732607769,,,1.188,20.88460397,,,,,,,,,,
862,34.90606742,1142,0.2541,7.426878867,,,1.188,20.40779033,,,,,,,,,,
863,34.05920444,1143,0.3029125,8.646345264,,,1.188,19.93010957,,,,,,,,,,
864,33.21234147,1144,0.1560625,4.347691569,,,1.188,19.45156171,,,,,,,,,,
865,32.36547849,1145,0.157575,4.281633434,,,1.188,18.97214675,,,,,,,,,,
866,31.51861552,1146,0.1577125,4.176884966,,,1.188,18.49186468,,,,,,,,,,
867,30.67175254,1147,0.1073875,2.770067744,,,1.188,18.0107155,,,,,,,,,,
868,29.82488957,1148,0.2608375,6.548252387,,,1.188,17.52869922,,,,,,,,,,
869,28.97802659,1149,0.2336125,5.703212596,,,1.188,17.04581583,,,,,,,,,,
870,28.13116362,1150,0.1577125,3.740987884,,,1.188,16.56206534,,,,,,,,,,
871,27.23809628,1151,0.218075,5.012941124,,,1.188,16.05022152,,,,,,,,,,
872,26.34502894,1152,0.264275,5.880874196,,,1.188,15.53746329,,,,,,,,,,
873,25.4519616,1153,0.2490125,5.358045085,,,1.188,15.02379065,,,,,,,,,,
874,24.55889426,1154,0.1926375,4.003041569,,,1.188,14.50920359,,,,,,,,,,
875,23.66582692,1155,0.315425,6.321707951,,,1.188,13.99370212,,,,,,,,,,
876,22.77275958,1156,0.317075,6.120263844,,,1.188,13.47728623,,,,,,,,,,
877,21.87969224,1157,0.3403125,6.316654425,,,1.188,12.95995592,,,,,,,,,,
878,20.9866249,1158,0.34595,6.164518259,,,1.188,12.44171121,,,,,,,,,,
879,20.09355757,1159,0.3592875,6.135034761,,,1.188,11.92255207,,,,,,,,,,
880,19.20049023,1160,0.3298625,5.386887442,,,1.188,11.40247853,,,,,,,,,,
881,18.4113786,1161,0.3735875,5.855250954,,,1.188,10.94327933,,,,,,,,,,
882,17.62226698,1162,0.39985,6.003432797,,,1.188,10.48327217,,,,,,,,,,
883,16.83315535,1163,0.4884,7.010605836,,,1.188,10.02245703,,,,,,,,,,
884,16.04404373,1164,0.4483875,6.139810437,,,1.188,9.560833913,,,,,,,,,,
885,15.2549321,1165,0.4266625,5.559750808,,,1.188,9.098402825,,,,,,,,,,
886,14.46582048,1166,0.4181375,5.171248268,,,1.188,8.635163762,,,,,,,,,,
887,13.67670885,1167,0.446325,5.223220019,,,1.188,8.171116726,,,,,,,,,,
888,12.88759723,1168,0.4591125,5.067206036,,,1.188,7.706261716,,,,,,,,,,
889,12.09848561,1169,0.4684625,4.857971958,,,1.188,7.240598731,,,,,,,,,,
890,11.30937398,1170,0.4965125,4.817139935,,,1.188,6.774127773,,,,,,,,,,
891,10.69261524,1171,0.4940375,4.535606808,,,1.188,6.410173599,,,,,,,,,,
892,10.0758565,1172,0.498575,4.316927268,,,1.188,6.045587925,,,,,,,,,,
893,9.459097754,1173,0.484,3.937564999,,,1.188,5.680370749,,,,,,,,,,
894,8.842339012,1174,0.401775,3.058107985,,,1.188,5.314522072,,,,,,,,,,
895,8.225580269,1175,0.4835875,3.427000173,,,1.188,4.948041893,,,,,,,,,,
896,7.608821527,1176,0.51865,3.402779047,,,1.188,4.580930213,,,,,,,,,,
897,6.992062785,1177,0.50325,3.036688287,,,1.188,4.213187032,,,,,,,,,,
898,6.375304042,1178,0.4272125,2.352473781,,,1.188,3.84481235,,,,,,,,,,
899,5.7585453,1179,0.507375,2.525749674,,,1.188,3.475806166,,,,,,,,,,
900,5.141786558,1180,0.490875,2.183743446,,,1.188,3.10616848,,,,,,,,,,
901,4.827196781,1181,0.4791875,2.00301882,,,1.188,2.918595156,,,,,,,,,,
902,4.512607004,1182,0.3881625,1.518074952,,,1.188,2.730699723,,,,,,,,,,
903,4.198017227,1183,0.4624125,1.683810351,,,1.188,2.542482179,,,,,,,,,,
904,3.88342745,1184,0.4615875,1.556164796,,,1.188,2.353942527,,,,,,,,,,
905,3.568837673,1185,0.4580125,1.420224906,,,1.188,2.165080765,,,,,,,,,,
906,3.254247896,1186,0.51095,1.44593368,,,1.188,1.975896893,,,,,,,,,,
907,2.939658118,1187,0.485925,1.243229869,,,1.188,1.786390912,,,,,,,,,,
908,2.625068341,1188,0.3950375,0.903295876,,,1.188,1.596562821,,,,,,,,,,
909,2.310478564,1189,0.4516875,0.909822178,,,1.188,1.40641262,,,,,,,,,,
910,1.995888787,1190,0.498575,0.868257306,,,1.188,1.215940311,,,,,,,,,,
911,1.899795462,1191,0.4954125,0.821902339,,,1.188,1.1583707,,,,,,,,,,
912,1.803702137,1192,0.512875,0.808513459,,,1.188,1.1007027,,,,,,,,,,
913,1.707608812,1193,0.502975,0.751293928,,,1.188,1.042936309,,,,,,,,,,
914,1.611515487,1194,0.5097125,0.719115654,,,1.188,0.985071528,,,,,,,,,,
915,1.515422161,1195,0.491425,0.652519409,,,1.188,0.927108357,,,,,,,,,,
916,1.419328836,1196,0.481525,0.599332314,,,1.188,0.869046796,,,,,,,,,,
917,1.323235511,1197,0.5113625,0.593874698,,,1.188,0.810886844,,,,,,,,,,
918,1.227142186,1198,0.472725,0.509559524,,,1.188,0.752628502,,,,,,,,,,
919,1.131048861,1199,0.4213,0.41891572,,,1.188,0.694271769,,,,,,,,,,
920,1.034955535,1200,0.478775,0.435982494,,,1.188,0.635816647,,,,,,,,,,
921,1.002958378,1201,0.4811125,0.424920033,,,1.188,0.616672915,,,,,,,,,,
922,0.97096122,1202,0.4791875,0.410059126,,,1.188,0.597496422,,,,,,,,,,
923,0.938964062,1203,0.4668125,0.386626594,,,1.188,0.578287167,,,,,,,,,,
924,0.906966905,1204,0.4173125,0.334128845,,,1.188,0.559045149,,,,,,,,,,
925,0.874969747,1205,0.4753375,0.367465702,,,1.188,0.53977037,,,,,,,,,,
926,0.842972589,1206,0.5149375,0.383839734,,,1.188,0.520462828,,,,,,,,,,
927,0.810975432,1207,0.479325,0.344016836,,,1.188,0.501122525,,,,,,,,,,
928,0.778978274,1208,0.472175,0.325784124,,,1.188,0.48174946,,,,,,,,,,
929,0.746981117,1209,0.462275,0.306105392,,,1.188,0.462343632,,,,,,,,,,
930,0.714983959,1210,0.487575,0.309284209,,,1.188,0.442905043,,,,,,,,,,
931,0.672904513,1211,0.467775,0.279491909,,,1.188,0.41718294,,,,,,,,,,
932,0.630825066,1212,0.4720375,0.264620029,,,1.188,0.391417752,,,,,,,,,,
933,0.58874562,1213,0.5039375,0.263875954,,,1.188,0.365609479,,,,,,,,,,
934,0.546666174,1214,0.4802875,0.233709745,,,1.188,0.33975812,,,,,,,,,,
935,0.504586728,1215,0.47575,0.213858022,,,1.188,0.313863676,,,,,,,,,,
936,0.462507281,1216,0.5047625,0.208148785,,,1.188,0.287926147,,,,,,,,,,
937,0.420427835,1217,0.5014625,0.188128741,,,1.188,0.261945533,,,,,,,,,,
938,0.378348389,1218,0.5014625,0.169438574,,,1.188,0.235921833,,,,,,,,,,
939,0.336268943,1219,0.4929375,0.148155224,,,1.188,0.209855048,,,,,,,,,,
940,0.294189496,1220,0.5020125,0.132110146,,,1.188,0.183745178,,,,,,,,,,
941,0.270031948,1221,0.5075125,0.122690859,,,1.188,0.168795075,,,,,,,,,,
942,0.2458744,1222,0.4959625,0.109261714,,,1.188,0.153820237,,,,,,,,,,
943,0.221716853,1223,0.4888125,0.097185643,,,1.188,0.138820664,,,,,,,,,,
944,0.197559305,1224,0.493075,0.087423168,,,1.188,0.123796357,,,,,,,,,,
945,0.173401757,1225,0.506,0.078808806,,,1.188,0.108747314,,,,,,,,,,
946,0.149244209,1226,0.5080625,0.068161595,,,1.188,0.093673536,,,,,,,,,,
947,0.125086661,1227,0.48455,0.05452916,,,1.188,0.078575023,,,,,,,,,,
948,0.100929113,1228,0.5071,0.046083248,,,1.188,0.063451775,,,,,,,,,,
949,0.076771565,1229,0.5115,0.035386089,,,1.188,0.048303793,,,,,,,,,,
950,0.052614017,1230,0.5075125,0.024081745,,,1.188,0.033131075,,,,,,,,,,
951,0.048830467,1231,0.515625,0.022725714,,,1.188,0.03077357,,,,,,,,,,
952,0.045046917,1232,0.510675,0.020780454,,,1.188,0.028412192,,,,,,,,,,
953,0.041263366,1233,0.50215,0.018732505,,,1.188,0.026046939,,,,,,,,,,
954,0.037479816,1234,0.5130125,0.017397034,,,1.188,0.023677812,,,,,,,,,,
955,0.033696266,1235,0.5116375,0.01561154,,,1.188,0.021304811,,,,,,,,,,
956,0.029912716,1236,0.513425,0.013918293,,,1.188,0.018927937,,,,,,,,,,
957,0.026129166,1237,0.5097125,0.012079673,,,1.188,0.016547188,,,,,,,,,,
958,0.022345616,1238,0.5121875,0.010389068,,,1.188,0.014162565,,,,,,,,,,
959,0.018562066,1239,0.50765,0.008560451,,,1.188,0.011774069,,,,,,,,,,
960,0.014778516,1240,0.50545,0.006791494,,,1.188,0.009381698,,,,,,,,,,
961,0.007919438,1241,0.506825,0.003652236,,,1.188,0.005031472,,,,,,,,,,
962,0.00106036,1242,0.5064125,0.000489006,,,1.188,0.000674224,,,,,,,,,,
963,-0.005798718,1243,0.5020125,-0.002653092,,,1.188,-0.003690048,,,,,,,,,,
964,-0.012657795,1244,0.4998125,-0.00577059,,,1.188,-0.008061343,,,,,,,,,,
965,-0.019516873,1245,0.500775,-0.00892189,,,1.188,-0.012439661,,,,,,,,,,
966,-0.026375951,1246,0.5031125,-0.012123442,,,1.188,-0.016825002,,,,,,,,,,
967,-0.033235029,1247,0.5020125,-0.015254982,,,1.188,-0.021217366,,,,,,,,,,
968,-0.040094107,1248,0.5027,-0.018443301,,,1.188,-0.025616753,,,,,,,,,,
969,-0.046953184,1249,0.5033875,-0.021645348,,,1.188,-0.030023163,,,,,,,,,,
970,-0.053812262,1250,0.5011875,-0.024718729,,,1.188,-0.034436596,,,,,,,,,,
971,-0.059863797,1251,0.49665,-0.027271351,,,1.188,-0.03833986,,,,,,,,,,
972,-0.065915332,1252,0.4945875,-0.02992737,,,1.188,-0.04224932,,,,,,,,,,
973,-0.071966867,1253,0.4906,-0.032437387,,,1.188,-0.046164977,,,,,,,,,,
974,-0.078018401,1254,0.4877125,-0.034985905,,,1.188,-0.050086829,,,,,,,,,,
975,-0.084069936,1255,0.4915625,-0.038027505,,,1.188,-0.054014878,,,,,,,,,,
976,-0.090121471,1256,0.4835875,-0.040135403,,,1.188,-0.057949123,,,,,,,,,,
977,-0.096173006,1257,0.4794625,-0.042498907,,,1.188,-0.061889564,,,,,,,,,,
978,-0.102224541,1258,0.48455,-0.045688727,,,1.188,-0.065836201,,,,,,,,,,
979,-0.108276075,1259,0.471625,-0.047140013,,,1.188,-0.069789035,,,,,,,,,,
980,-0.11432761,1260,0.4697,-0.049610874,,,1.188,-0.073748065,,,,,,,,,,
981,-0.101476473,1261,0.4516875,-0.042379241,,,1.188,-0.065510273,,,,,,,,,,
982,-0.088625335,1262,0.4371125,-0.035846365,,,1.188,-0.057259322,,,,,,,,,,
983,-0.075774198,1263,0.4343625,-0.030479769,,,1.188,-0.048995213,,,,,,,,,,
984,-0.06292306,1264,0.414425,-0.024167822,,,1.188,-0.040717947,,,,,,,,,,
985,-0.050071923,1265,0.42955,-0.019949553,,,1.188,-0.032427521,,,,,,,,,,
986,-0.037220785,1266,0.424325,-0.014660626,,,1.188,-0.024123938,,,,,,,,,,
987,-0.024369648,1267,0.4228125,-0.009572124,,,1.188,-0.015807196,,,,,,,,,,
988,-0.011518511,1268,0.3914625,-0.004192185,,,1.188,-0.007477295,,,,,,,,,,
989,0.001332627,1269,0.3067625,0.000380371,,,1.188,0.000865763,,,,,,,,,,
990,0.014183764,1270,0.4082375,0.005391912,,,1.188,0.00922198,,,,,,,,,,
991,0.009876617,1271,0.44495,0.004095431,,,1.188,0.006426622,,,,,,,,,,
992,0.005569471,1272,0.44825,0.002328391,,,1.188,0.003626853,,,,,,,,,,
993,0.001262324,1273,0.4459125,0.000525392,,,1.188,0.000822675,,,,,,,,,,
994,-0.003044823,1274,0.446325,-0.001269455,,,1.188,-0.001985914,,,,,,,,,,
995,-0.00735197,1275,0.4519625,-0.003106354,,,1.188,-0.004798913,,,,,,,,,,
996,-0.011659117,1276,0.457325,-0.004988568,,,1.188,-0.007616322,,,,,,,,,,
997,-0.015966264,1277,0.46145,-0.006898481,,,1.188,-0.010438141,,,,,,,,,,
998,-0.020273411,1278,0.467225,-0.008876023,,,1.188,-0.01326437,,,,,,,,,,
999,-0.024580558,1279,0.4654375,-0.010728977,,,1.188,-0.016095009,,,,,,,,,,
1000,-0.028887705,1280,0.4621375,-0.012529359,,,1.188,-0.018930059,,,,,,,,,,
1001,-0.04485225,1281,0.4489375,-0.018912716,,,1.188,-0.029414557,,,,,,,,,,
1002,-0.060816795,1282,0.419375,-0.023974455,,,1.188,-0.039915402,,,,,,,,,,
1003,-0.076781339,1283,0.44385,-0.032059239,,,1.188,-0.050432593,,,,,,,,,,
1004,-0.092745884,1284,0.4604875,-0.040207972,,,1.188,-0.06096613,,,,,,,,,,
1005,-0.108710429,1285,0.4653,-0.047658683,,,1.188,-0.071516013,,,,,,,,,,
1006,-0.124674974,1286,0.4675,-0.054958709,,,1.188,-0.082082242,,,,,,,,,,
1007,-0.140639519,1287,0.4635125,-0.06151514,,,1.188,-0.092664818,,,,,,,,,,
1008,-0.156604064,1288,0.4596625,-0.067981793,,,1.188,-0.103263739,,,,,,,,,,
1009,-0.172568609,1289,0.4508625,-0.073534895,,,1.188,-0.113879007,,,,,,,,,,
1010,-0.188533154,1290,0.4533375,-0.080841383,,,1.188,-0.124510621,,,,,,,,,,
1011,-0.15056462,1291,0.4549875,-0.064846014,,,1.188,-0.099512613,,,,,,,,,,
1012,-0.112596086,1292,0.439725,-0.046903107,,,1.188,-0.074475729,,,,,,,,,,
1013,-0.074627552,1293,0.4488,-0.031753033,,,1.188,-0.049399969,,,,,,,,,,
1014,-0.036659018,1294,0.4445375,-0.015461732,,,1.188,-0.024285333,,,,,,,,,,
1015,0.001309516,1295,0.4420625,0.000549666,,,1.188,0.00086818,,,,,,,,,,
1016,0.03927805,1296,0.426525,0.01591967,,,1.188,0.026060568,,,,,,,,,,
1017,0.077246585,1297,0.4123625,0.030292358,,,1.188,0.051291833,,,,,,,,,,
1018,0.115215119,1298,0.4294125,0.047086184,,,1.188,0.076561974,,,,,,,,,,
1019,0.153183653,1299,0.4379375,0.063895218,,,1.188,0.10187099,,,,,,,,,,
1020,0.191152187,1300,0.396,0.072152678,,,1.188,0.127218883,,,,,,,,,,
1021,0,1301,0.3999875,0,,,1.188,0,,,,,,,,,,
1022,0,1302,0.41965,0,,,1.188,0,,,,,,,,,,
1023,0,1303,0.3796375,0,,,1.188,0,,,,,,,,,,
1024,0,1304,0.3476,0,,,1.188,0,,,,,,,,,,
1025,0,1305,0.4098875,0,,,1.188,0,,,,,,,,,,
1026,0,1306,0.410575,0,,,1.188,0,,,,,,,,,,
1027,0,1307,0.3518625,0,,,1.188,0,,,,,,,,,,
1028,0,1308,0.38005,0,,,1.188,0,,,,,,,,,,
1029,0,1309,0.4048,0,,,1.188,0,,,,,,,,,,
1030,0,1310,0.34595,0,,,1.188,0,,,,,,,,,,
1031,0,1311,0.361625,0,,,1.188,0,,,,,,,,,,
1032,0,1312,0.362725,0,,,1.188,0,,,,,,,,,,
1033,0,1313,0.343475,0,,,1.188,0,,,,,,,,,,
1034,0,1314,0.319825,0,,,1.188,0,,,,,,,,,,
1035,0,1315,0.3191375,0,,,1.188,0,,,,,,,,,,
1036,0,1316,0.348425,0,,,1.188,0,,,,,,,,,,
1037,0,1317,0.3466375,0,,,1.188,0,,,,,,,,,,
1038,0,1318,0.3535125,0,,,1.188,0,,,,,,,,,,
1039,0,1319,0.302225,0,,,1.188,0,,,,,,,,,,
1040,0,1320,0.290675,0,,,1.188,0,,,,,,,,,,
1041,0,1321,0.3227125,0,,,1.188,0,,,,,,,,,,
1042,0,1322,0.3212,0,,,1.188,0,,,,,,,,,,
1043,0,1323,0.2688125,0,,,1.188,0,,,,,,,,,,
1044,0,1324,0.2921875,0,,,1.188,0,,,,,,,,,,
1045,0,1325,0.33935,0,,,1.188,0,,,,,,,,,,
1046,0,1326,0.3117125,0,,,1.188,0,,,,,,,,,,
1047,0,1327,0.290125,0,,,1.188,0,,,,,,,,,,
1048,0,1328,0.2539625,0,,,1.188,0,,,,,,,,,,
1049,0,1329,0.2096875,0,,,1.188,0,,,,,,,,,,
1050,0,1330,0.2330625,0,,,1.188,0,,,,,,,,,,
1051,0,1331,0.170225,0,,,1.188,0,,,,,,,,,,
1052,0,1332,0.1673375,0,,,1.188,0,,,,,,,,,,
1053,0,1333,0.21065,0,,,1.188,0,,,,,,,,,,
1054,0,1334,0.1991,0,,,1.188,0,,,,,,,,,,
1055,0,1335,0.238975,0,,,1.188,0,,,,,,,,,,
1056,0,1336,0.2052875,0,,,1.188,0,,,,,,,,,,
1057,0,1337,0.1849375,0,,,1.188,0,,,,,,,,,,
1058,0,1338,0.1936,0,,,1.188,0,,,,,,,,,,
1059,0,1339,0.192775,0,,,1.188,0,,,,,,,,,,
1060,0,1340,0.186175,0,,,1.188,0,,,,,,,,,,
1061,0,1341,0.187825,0,,,1.188,0,,,,,,,,,,
1062,0,1342,0.1876875,0,,,1.188,0,,,,,,,,,,
1063,0,1343,0.1396175,0,,,1.188,0,,,,,,,,,,
1064,0,1344,0.094655,0,,,1.188,0,,,,,,,,,,
1065,0,1345,0.1082675,0,,,1.188,0,,,,,,,,,,
1066,0,1346,0.07107375,0,,,1.188,0,,,,,,,,,,
1067,0,1347,0.05803875,0,,,1.188,0,,,,,,,,,,
1068,0,1348,0.0143275,0,,,1.188,0,,,,,,,,,,
1069,0,1349,0.01612875,0,,,1.188,0,,,,,,,,,,
1070,0,1350,0.01604625,0,,,1.188,0,,,,,,,,,,
1071,0,1351,0.00620125,0,,,1.188,0,,,,,,,,,,
1072,0,1352,0.00188375,0,,,1.188,0,,,,,,,,,,
1073,0,1353,0.00033,0,,,1.188,0,,,,,,,,,,
1074,0,1354,0.00026125,0,,,1.188,0,,,,,,,,,,
1075,0,1355,4.13E-05,0,,,1.188,0,,,,,,,,,,
1076,0,1356,1.38E-05,0,,,1.188,0,,,,,,,,,,
1077,0,1357,8.25E-05,0,,,1.188,0,,,,,,,,,,
1078,0,1358,1.38E-05,0,,,1.188,0,,,,,,,,,,
1079,0,1359,0,0,,,1.188,0,,,,,,,,,,
1080,0,1360,0,0,,,1.188,0,,,,,,,,,,
1081,0,1361,0,0,,,1.188,0,,,,,,,,,,
1082,0,1362,0,0,,,1.188,0,,,,,,,,,,
1083,0,1363,0,0,,,1.188,0,,,,,,,,,,
1084,0,1364,0,0,,,1.188,0,,,,,,,,,,
1085,0,1365,0,0,,,1.188,0,,,,,,,,,,
1086,0,1366,0,0,,,1.188,0,,,,,,,,,,
1087,0,1367,0,0,,,1.188,0,,,,,,,,,,
1088,0,1368,0,0,,,1.188,0,,,,,,,,,,
1089,0,1369,0,0,,,1.188,0,,,,,,,,,,
1090,0,1370,0,0,,,1.188,0,,,,,,,,,,
1091,0,1371,0,0,,,1.188,0,,,,,,,,,,
1092,0,1372,0,0,,,1.188,0,,,,,,,,,,
1093,0,1373,2.75E-05,0,,,1.188,0,,,,,,,,,,
1094,0,1374,0.00020625,0,,,1.188,0,,,,,,,,,,
1095,0,1375,0.00031625,0,,,1.188,0,,,,,,,,,,
1096,0,1376,0.0003025,0,,,1.188,0,,,,,,,,,,
1097,0,1377,0.000275,0,,,1.188,0,,,,,,,,,,
1098,0,1378,0.000935,0,,,1.188,0,,,,,,,,,,
1099,0,1379,0.0002475,0,,,1.188,0,,,,,,,,,,
1100,0,1380,9.63E-05,0,,,1.188,0,,,,,,,,,,
1101,0,1381,1.38E-05,0,,,1.188,0,,,,,,,,,,
1102,0,1382,0,0,,,1.188,0,,,,,,,,,,
1103,0,1383,0,0,,,1.188,0,,,,,,,,,,
1104,0,1384,0,0,,,1.188,0,,,,,,,,,,
1105,0,1385,0,0,,,1.188,0,,,,,,,,,,
1106,0,1386,2.75E-05,0,,,1.188,0,,,,,,,,,,
1107,0,1387,0.000165,0,,,1.188,0,,,,,,,,,,
1108,0,1388,0.00011,0,,,1.188,0,,,,,,,,,,
1109,0,1389,0.00056375,0,,,1.188,0,,,,,,,,,,
1110,0,1390,0.00053625,0,,,1.188,0,,,,,,,,,,
1111,0,1391,0.00031625,0,,,1.188,0,,,,,,,,,,
1112,0,1392,5.50E-05,0,,,1.188,0,,,,,,,,,,
1113,0,1393,9.63E-05,0,,,1.188,0,,,,,,,,,,
1114,0,1394,9.63E-05,0,,,1.188,0,,,,,,,,,,
1115,0,1395,1.38E-05,0,,,1.188,0,,,,,,,,,,
1116,0,1396,0,0,,,1.188,0,,,,,,,,,,
1117,0,1397,0.00017875,0,,,1.188,0,,,,,,,,,,
1118,0,1398,0.0011825,0,,,1.188,0,,,,,,,,,,
1119,0,1399,0.00083875,0,,,1.188,0,,,,,,,,,,
1120,0,1400,0.00011,0,,,1.188,0,,,,,,,,,,
1121,0,1401,0.0002475,0,,,1.188,0,,,,,,,,,,
1122,0,1402,0.001815,0,,,1.188,0,,,,,,,,,,
1123,0,1403,0.00232375,0,,,1.188,0,,,,,,,,,,
1124,0,1404,0.0009075,0,,,1.188,0,,,,,,,,,,
1125,0,1405,0.00037125,0,,,1.188,0,,,,,,,,,,
1126,0,1406,0.0016775,0,,,1.188,0,,,,,,,,,,
1127,0,1407,0.00066,0,,,1.188,0,,,,,,,,,,
1128,0,1408,0.00143,0,,,1.188,0,,,,,,,,,,
1129,0,1409,0.00078375,0,,,1.188,0,,,,,,,,,,
1130,0,1410,0.00078375,0,,,1.188,0,,,,,,,,,,
1131,0,1411,0.00215875,0,,,1.188,0,,,,,,,,,,
1132,0,1412,0.0056375,0,,,1.188,0,,,,,,,,,,
1133,0,1413,0.019635,0,,,1.188,0,,,,,,,,,,
1134,0,1414,0.00356125,0,,,1.188,0,,,,,,,,,,
1135,0,1415,0.00510125,0,,,1.188,0,,,,,,,,,,
1136,0,1416,0.03092375,0,,,1.188,0,,,,,,,,,,
1137,0,1417,0.01639,0,,,1.188,0,,,,,,,,,,
1138,0,1418,0.013035,0,,,1.188,0,,,,,,,,,,
1139,0,1419,0.00471625,0,,,1.188,0,,,,,,,,,,
1140,0,1420,0.008305,0,,,1.188,0,,,,,,,,,,
1141,0,1421,0.0149875,0,,,1.188,0,,,,,,,,,,
1142,0,1422,0.04063125,0,,,1.188,0,,,,,,,,,,
1143,0,1423,0.01626625,0,,,1.188,0,,,,,,,,,,
1144,0,1424,0.018755,0,,,1.188,0,,,,,,,,,,
1145,0,1425,0.0274175,0,,,1.188,0,,,,,,,,,,
1146,0,1426,0.0331925,0,,,1.188,0,,,,,,,,,,
1147,0,1427,0.0451825,0,,,1.188,0,,,,,,,,,,
1148,0,1428,0.01571625,0,,,1.188,0,,,,,,,,,,
1149,0,1429,0.04032875,0,,,1.188,0,,,,,,,,,,
1150,0,1430,0.06274125,0,,,1.188,0,,,,,,,,,,
1151,0,1431,0.05003625,0,,,1.188,0,,,,,,,,,,
1152,0,1432,0.01384625,0,,,1.188,0,,,,,,,,,,
1153,0,1433,0.03267,0,,,1.188,0,,,,,,,,,,
1154,0,1434,0.02509375,0,,,1.188,0,,,,,,,,,,
1155,0,1435,0.02578125,0,,,1.188,0,,,,,,,,,,
1156,0,1436,0.038555,0,,,1.188,0,,,,,,,,,,
1157,0,1437,0.0316525,0,,,1.188,0,,,,,,,,,,
1158,0,1438,0.02198625,0,,,1.188,0,,,,,,,,,,
1159,0,1439,0.04923875,0,,,1.188,0,,,,,,,,,,
1160,0,1440,0.043945,0,,,1.188,0,,,,,,,,,,
1161,0,1441,0.03656125,0,,,1.188,0,,,,,,,,,,
1162,0,1442,0.0403975,0,,,1.188,0,,,,,,,,,,
1163,0,1443,0.05049,0,,,1.188,0,,,,,,,,,,
1164,0,1444,0.06381375,0,,,1.188,0,,,,,,,,,,
1165,0,1445,0.0525525,0,,,1.188,0,,,,,,,,,,
1166,0,1446,0.03075875,0,,,1.188,0,,,,,,,,,,
1167,0,1447,0.0487575,0,,,1.188,0,,,,,,,,,,
1168,0,1448,0.11386375,0,,,1.188,0,,,,,,,,,,
1169,0,1449,0.10371625,0,,,1.188,0,,,,,,,,,,
1170,0,1450,0.0380875,0,,,1.188,0,,,,,,,,,,
1171,0,1451,0.02154625,0,,,1.188,0,,,,,,,,,,
1172,0,1452,0.06408875,0,,,1.188,0,,,,,,,,,,
1173,0,1453,0.0947925,0,,,1.188,0,,,,,,,,,,
1174,0,1454,0.13333375,0,,,1.188,0,,,,,,,,,,
1175,0,1455,0.08542875,0,,,1.188,0,,,,,,,,,,
1176,0,1456,0.09801,0,,,1.188,0,,,,,,,,,,
1177,0,1457,0.12736625,0,,,1.188,0,,,,,,,,,,
1178,0,1458,0.1507,0,,,1.188,0,,,,,,,,,,
1179,0,1459,0.16489,0,,,1.188,0,,,,,,,,,,
1180,0,1460,0.1050775,0,,,1.188,0,,,,,,,,,,
1181,0,1461,0.10384,0,,,1.188,0,,,,,,,,,,
1182,0,1462,0.12555125,0,,,1.188,0,,,,,,,,,,
1183,0,1463,0.074195,0,,,1.188,0,,,,,,,,,,
1184,0,1464,0.1433025,0,,,1.188,0,,,,,,,,,,
1185,0,1465,0.1065075,0,,,1.188,0,,,,,,,,,,
1186,0,1466,0.0713625,0,,,1.188,0,,,,,,,,,,
1187,0,1467,0.04910125,0,,,1.188,0,,,,,,,,,,
1188,0,1468,0.08122125,0,,,1.188,0,,,,,,,,,,
1189,0,1469,0.0953975,0,,,1.188,0,,,,,,,,,,
1190,0,1470,0.0562925,0,,,1.188,0,,,,,,,,,,
1191,0,1471,0.02789875,0,,,1.188,0,,,,,,,,,,
1192,0,1472,0.0505175,0,,,1.188,0,,,,,,,,,,
1193,0,1473,0.07750875,0,,,1.188,0,,,,,,,,,,
1194,0,1474,0.1150325,0,,,1.188,0,,,,,,,,,,
1195,0,1475,0.17458375,0,,,1.188,0,,,,,,,,,,
1196,0,1476,0.09145125,0,,,1.188,0,,,,,,,,,,
1197,0,1477,0.07547375,0,,,1.188,0,,,,,,,,,,
1198,0,1478,0.07827875,0,,,1.188,0,,,,,,,,,,
1199,0,1479,0.1160225,0,,,1.188,0,,,,,,,,,,
1200,0,1480,0.082225,0,,,1.188,0,,,,,,,,,,
1201,0,1481,0.11121,0,,,1.188,0,,,,,,,,,,
1202,0,1482,0.08426,0,,,1.188,0,,,,,,,,,,
1203,0,1483,0.14895375,0,,,1.188,0,,,,,,,,,,
1204,0,1484,0.1505625,0,,,1.188,0,,,,,,,,,,
1205,0,1485,0.138875,0,,,1.188,0,,,,,,,,,,
1206,0,1486,0.12698125,0,,,1.188,0,,,,,,,,,,
1207,0,1487,0.07973625,0,,,1.188,0,,,,,,,,,,
1208,0,1488,0.11177375,0,,,1.188,0,,,,,,,,,,
1209,0,1489,0.19276125,0,,,1.188,0,,,,,,,,,,
1210,0,1490,0.196625,0,,,1.188,0,,,,,,,,,,
1211,0,1491,0.209,0,,,1.188,0,,,,,,,,,,
1212,0,1492,0.187275,0,,,1.188,0,,,,,,,,,,
1213,0,1493,0.1997875,0,,,1.188,0,,,,,,,,,,
1214,0,1494,0.2173875,0,,,1.188,0,,,,,,,,,,
1215,0,1495,0.2011625,0,,,1.188,0,,,,,,,,,,
1216,0,1496,0.194975,0,,,1.188,0,,,,,,,,,,
1217,0,1497,0.2371875,0,,,1.188,0,,,,,,,,,,
1218,0,1498,0.2171125,0,,,1.188,0,,,,,,,,,,
1219,0,1499,0.2393875,0,,,1.188,0,,,,,,,,,,
1220,0,1500,0.272525,0,,,1.188,0,,,,,,,,,,
1221,0,1501,0.2850375,0,,,1.188,0,,,,,,,,,,
1222,0,1502,0.2539625,0,,,1.188,0,,,,,,,,,,
1223,0,1503,0.2058375,0,,,1.188,0,,,,,,,,,,
1224,0,1504,0.1826,0,,,1.188,0,,,,,,,,,,
1225,0,1505,0.2091375,0,,,1.188,0,,,,,,,,,,
1226,0,1506,0.27225,0,,,1.188,0,,,,,,,,,,
1227,0,1507,0.2781625,0,,,1.188,0,,,,,,,,,,
1228,0,1508,0.26015,0,,,1.188,0,,,,,,,,,,
1229,0,1509,0.22385,0,,,1.188,0,,,,,,,,,,
1230,0,1510,0.284625,0,,,1.188,0,,,,,,,,,,
1231,0,1511,0.290675,0,,,1.188,0,,,,,,,,,,
1232,0,1512,0.284075,0,,,1.188,0,,,,,,,,,,
1233,0,1513,0.2663375,0,,,1.188,0,,,,,,,,,,
1234,0,1514,0.2553375,0,,,1.188,0,,,,,,,,,,
1235,0,1515,0.2847625,0,,,1.188,0,,,,,,,,,,
1236,0,1516,0.281875,0,,,1.188,0,,,,,,,,,,
1237,0,1517,0.2751375,0,,,1.188,0,,,,,,,,,,
1238,0,1518,0.2748625,0,,,1.188,0,,,,,,,,,,
1239,0,1519,0.2721125,0,,,1.188,0,,,,,,,,,,
1240,0,1520,0.289025,0,,,1.188,0,,,,,,,,,,
1241,0,1521,0.2985125,0,,,1.188,0,,,,,,,,,,
1242,0,1522,0.2930125,0,,,1.188,0,,,,,,,,,,
1243,0,1523,0.30415,0,,,1.188,0,,,,,,,,,,
1244,0,1524,0.3007125,0,,,1.188,0,,,,,,,,,,
1245,0,1525,0.287375,0,,,1.188,0,,,,,,,,,,
1246,0,1526,0.2916375,0,,,1.188,0,,,,,,,,,,
1247,0,1527,0.2904,0,,,1.188,0,,,,,,,,,,
1248,0,1528,0.3034625,0,,,1.188,0,,,,,,,,,,
1249,0,1529,0.297825,0,,,1.188,0,,,,,,,,,,
1250,0,1530,0.2847625,0,,,1.188,0,,,,,,,,,,
1251,0,1531,0.2952125,0,,,1.188,0,,,,,,,,,,
1252,0,1532,0.3042875,0,,,1.188,0,,,,,,,,,,
1253,0,1533,0.302775,0,,,1.188,0,,,,,,,,,,
1254,0,1534,0.295625,0,,,1.188,0,,,,,,,,,,
1255,0,1535,0.293975,0,,,1.188,0,,,,,,,,,,
1256,0,1536,0.3001625,0,,,1.188,0,,,,,,,,,,
1257,0,1537,0.3001625,0,,,1.188,0,,,,,,,,,,
1258,0,1538,0.2985125,0,,,1.188,0,,,,,,,,,,
1259,0,1539,0.2979625,0,,,1.188,0,,,,,,,,,,
1260,0,1540,0.29205,0,,,1.188,0,,,,,,,,,,
1261,0,1541,0.2943875,0,,,1.188,0,,,,,,,,,,
1262,0,1542,0.2960375,0,,,1.188,0,,,,,,,,,,
1263,0,1543,0.297825,0,,,1.188,0,,,,,,,,,,
1264,0,1544,0.2987875,0,,,1.188,0,,,,,,,,,,
1265,0,1545,0.3026375,0,,,1.188,0,,,,,,,,,,
1266,0,1546,0.3014,0,,,1.188,0,,,,,,,,,,
1267,0,1547,0.29865,0,,,1.188,0,,,,,,,,,,
1268,0,1548,0.2943875,0,,,1.188,0,,,,,,,,,,
1269,0,1549,0.2987875,0,,,1.188,0,,,,,,,,,,
1270,0,1550,0.2965875,0,,,1.188,0,,,,,,,,,,
1271,0,1551,0.297,0,,,1.188,0,,,,,,,,,,
1272,0,1552,0.2979625,0,,,1.188,0,,,,,,,,,,
1273,0,1553,0.2971375,0,,,1.188,0,,,,,,,,,,
1274,0,1554,0.291775,0,,,1.188,0,,,,,,,,,,
1275,0,1555,0.2926,0,,,1.188,0,,,,,,,,,,
1276,0,1556,0.2899875,0,,,1.188,0,,,,,,,,,,
1277,0,1557,0.295625,0,,,1.188,0,,,,,,,,,,
1278,0,1558,0.2949375,0,,,1.188,0,,,,,,,,,,
1279,0,1559,0.2935625,0,,,1.188,0,,,,,,,,,,
1280,0,1560,0.292325,0,,,1.188,0,,,,,,,,,,
1281,0,1561,0.295075,0,,,1.188,0,,,,,,,,,,
1282,0,1562,0.2938375,0,,,1.188,0,,,,,,,,,,
1283,0,1563,0.2921875,0,,,1.188,0,,,,,,,,,,
1284,0,1564,0.2894375,0,,,1.188,0,,,,,,,,,,
1285,0,1565,0.292325,0,,,1.188,0,,,,,,,,,,
1286,0,1566,0.2888875,0,,,1.188,0,,,,,,,,,,
1287,0,1567,0.2875125,0,,,1.188,0,,,,,,,,,,
1288,0,1568,0.282975,0,,,1.188,0,,,,,,,,,,
1289,0,1569,0.278025,0,,,1.188,0,,,,,,,,,,
1290,0,1570,0.265925,0,,,1.188,0,,,,,,,,,,
1291,0,1571,0.258775,0,,,1.188,0,,,,,,,,,,
1292,0,1572,0.2597375,0,,,1.188,0,,,,,,,,,,
1293,0,1573,0.25795,0,,,1.188,0,,,,,,,,,,
1294,0,1574,0.263725,0,,,1.188,0,,,,,,,,,,
1295,0,1575,0.2641375,0,,,1.188,0,,,,,,,,,,
1296,0,1576,0.265375,0,,,1.188,0,,,,,,,,,,
1297,0,1577,0.2435125,0,,,1.188,0,,,,,,,,,,
1298,0,1578,0.2558875,0,,,1.188,0,,,,,,,,,,
1299,0,1579,0.2605625,0,,,1.188,0,,,,,,,,,,
1300,0,1580,0.26785,0,,,1.188,0,,,,,,,,,,
1301,0,1581,0.2712875,0,,,1.188,0,,,,,,,,,,
1302,0,1582,0.2668875,0,,,1.188,0,,,,,,,,,,
1303,0,1583,0.2710125,0,,,1.188,0,,,,,,,,,,
1304,0,1584,0.2740375,0,,,1.188,0,,,,,,,,,,
1305,0,1585,0.2820125,0,,,1.188,0,,,,,,,,,,
1306,0,1586,0.2805,0,,,1.188,0,,,,,,,,,,
1307,0,1587,0.2773375,0,,,1.188,0,,,,,,,,,,
1308,0,1588,0.2728,0,,,1.188,0,,,,,,,,,,
1309,0,1589,0.2589125,0,,,1.188,0,,,,,,,,,,
1310,0,1590,0.2638625,0,,,1.188,0,,,,,,,,,,
1311,0,1591,0.2666125,0,,,1.188,0,,,,,,,,,,
1312,0,1592,0.2765125,0,,,1.188,0,,,,,,,,,,
1313,0,1593,0.2827,0,,,1.188,0,,,,,,,,,,
1314,0,1594,0.28215,0,,,1.188,0,,,,,,,,,,
1315,0,1595,0.2816,0,,,1.188,0,,,,,,,,,,
1316,0,1596,0.2706,0,,,1.188,0,,,,,,,,,,
1317,0,1597,0.271425,0,,,1.188,0,,,,,,,,,,
1318,0,1598,0.2765125,0,,,1.188,0,,,,,,,,,,
1319,0,1599,0.2663375,0,,,1.188,0,,,,,,,,,,
1320,0,1600,0.259325,0,,,1.188,0,,,,,,,,,,