,QE_smooth,wl,I_sun,Jsc_wl,v,i,Eg,SE,,,,,,,,,
0,0,280,5.19E-23,0,1.397,-37.30738,1.87,0,,,,,,,,,
1,0,281,4.64E-20,0,1.374659,-24.78135,1.87,0,,,,,,,,,
2,0,282,1.94E-18,0,1.352318,-12.38787,1.87,0,,,,,,,,,
3,0,283,2.11E-17,0,1.329966,-2.247586,1.87,0,,,,,,,,,
4,0,284,1.09E-15,0,1.307625,5.440215,1.87,0,,,,,,,,,
5,0,285,1.68E-14,0,1.285284,10.834923,1.87,0,,,,,,,,,
6,0,286,3.16E-13,0,1.262943,14.42716,1.87,0,,,,,,,,,
7,0,287,4.73E-12,0,1.240591,16.75982,1.87,0,,,,,,,,,
8,0,288,8.42E-11,0,1.21825,18.25758,1.87,0,,,,,,,,,
9,0,289,9.25E-10,0,1.195909,19.27838,1.87,0,,,,,,,,,
10,0,290,7.64E-09,0,1.173568,19.92782,1.87,0,,,,,,,,,
11,0,291,5.30E-08,0,1.151216,20.32547,1.87,0,,,,,,,,,
12,0,292,2.95E-07,0,1.128875,20.61708,1.87,0,,,,,,,,,
13,0,293,1.21E-06,0,1.106534,20.80254,1.87,0,,,,,,,,,
14,0,294,4.72E-06,0,1.0841875,20.93509,1.87,0,,,,,,,,,
15,0,295,1.62E-05,0,1.0618443,20.98822,1.87,0,,,,,,,,,
16,0,296,5.35E-05,0,1.0395,21.06764,1.87,0,,,,,,,,,
17,0,297,0.000123778,0,1.0171557,21.06764,1.87,0,,,,,,,,,
18,0,298,0.000308275,0,0.9948125,21.12077,1.87,0,,,,,,,,,
19,0,299,0.000604175,0,0.9724682,21.13397,1.87,0,,,,,,,,,
20,0,300,0.00111595,0,0.950125,21.10746,1.87,0,,,,,,,,,
21,0.381774429,301,0.0021175,0.000178415,0.9277818,21.13397,1.87,0.09323067,,,,,,,,,
22,0.552080155,302,0.00352,0.000430315,0.9054375,21.09415,1.87,0.135267839,,,,,,,,,
23,0.722385881,303,0.0075625,0.001213702,0.8830932,21.08084,1.87,0.177581349,,,,,,,,,
24,0.892691608,304,0.0109175,0.002172365,0.86075,21.13397,1.87,0.220171199,,,,,,,,,
25,1.062997334,305,0.017435,0.004144657,0.8384068,21.14728,1.87,0.26303739,,,,,,,,,
26,1.23330306,306,0.0210925,0.00583652,0.8160625,21.13397,1.87,0.306179922,,,,,,,,,
27,1.403608786,307,0.0308275,0.009739965,0.7937182,21.13397,1.87,0.349598794,,,,,,,,,
28,1.573914512,308,0.041855,0.014876948,0.771375,21.13397,1.87,0.393294007,,,,,,,,,
29,1.744220238,309,0.0454575,0.017963874,0.7490307,21.13397,1.87,0.43726556,,,,,,,,,
30,1.914525964,310,0.0577775,0.025142957,0.7266875,21.08084,1.87,0.481513454,,,,,,,,,
31,2.737195236,311,0.0864875,0.053982645,0.7043432,21.10746,1.87,0.690639855,,,,,,,,,
32,3.561827486,312,0.1013925,0.082616721,0.682,21.14728,1.87,0.901598016,,,,,,,,,
33,4.386459737,313,0.1154175,0.116188942,0.6596568,21.1871,1.87,1.113894237,,,,,,,,,
34,5.211091987,314,0.130625,0.156718166,0.6373125,21.14728,1.87,1.327528519,,,,,,,,,
35,6.035724238,315,0.143,0.199347425,0.6149693,21.1871,1.87,1.542500862,,,,,,,,,
36,6.860356489,316,0.14135,0.224679903,0.592625,21.1739,1.87,1.758811265,,,,,,,,,
37,7.684988739,317,0.18535,0.331077553,0.5702807,21.1739,1.87,1.976459729,,,,,,,,,
38,8.50962099,318,0.197175,0.39122251,0.5479375,21.13397,1.87,2.195446254,,,,,,,,,
39,9.334253241,319,0.2167,0.473111846,0.5255932,21.1871,1.87,2.415770839,,,,,,,,,
40,10.1623664,320,0.23375,0.557353966,0.50325,21.13397,1.87,2.638337193,,,,,,,,,
41,11.56715054,321,0.270325,0.735956729,0.4809057,21.1871,1.87,3.012429503,,,,,,,,,
42,12.97193467,322,0.246675,0.755475544,0.4585625,21.14728,1.87,3.388801236,,,,,,,,,
43,14.37671881,323,0.244475,0.832398721,0.4362193,21.1739,1.87,3.767452393,,,,,,,,,
44,15.78150294,324,0.297,1.113485251,0.413875,21.16059,1.87,4.148382973,,,,,,,,,
45,17.18628708,325,0.319275,1.307570112,0.3915318,21.1739,1.87,4.531592978,,,,,,,,,
46,18.59107121,326,0.409475,1.819634048,0.3691875,21.1739,1.87,4.917082405,,,,,,,,,
47,19.99585535,327,0.4356,2.088383526,0.3468432,21.20019,1.87,5.304851257,,,,,,,,,
48,21.40063948,328,0.400125,2.059353633,0.3245,21.21339,1.87,5.694899533,,,,,,,,,
49,22.80542361,329,0.462,2.541620272,0.3021557,21.2267,1.87,6.087227232,,,,,,,,,
50,24.21152243,330,0.50435,2.954627342,0.2798125,21.24001,1.87,6.482186335,,,,,,,,,
51,25.69364055,331,0.4532,2.826039239,0.2574693,21.20019,1.87,6.899841432,,,,,,,,,
52,27.17575867,332,0.474375,3.138168095,0.235125,21.2267,1.87,7.319901435,,,,,,,,,
53,28.65787679,333,0.4675,3.271180498,0.2127807,21.21339,1.87,7.742366345,,,,,,,,,
54,30.13999491,334,0.46145,3.406033698,0.1904375,21.1871,1.87,8.167236163,,,,,,,,,
55,31.62211304,335,0.50105,3.891808021,0.1680943,21.20019,1.87,8.594510887,,,,,,,,,
56,33.10423116,336,0.456775,3.725287182,0.14575,21.24001,1.87,9.024190518,,,,,,,,,
57,34.58634928,337,0.41965,3.586381618,0.1234057,21.25332,1.87,9.456275056,,,,,,,,,
58,36.0684674,338,0.472725,4.225592453,0.1010625,21.27983,1.87,9.890764502,,,,,,,,,
59,37.55058552,339,0.509025,4.751056254,0.07871875,21.25332,1.87,10.32765885,,,,,,,,,
60,39.01943333,340,0.5423,5.275141675,0.056375,21.20019,1.87,10.76329757,,,,,,,,,
61,40.08685425,341,0.524425,5.256230372,0.03403125,21.2267,1.87,11.09026256,,,,,,,,,
62,41.15427516,342,0.53625,5.534049211,0.0116875,21.20019,1.87,11.41895957,,,,,,,,,
63,42.22169607,343,0.554675,5.889833743,-0.01065625,21.21339,1.87,11.74938859,,,,,,,,,
64,43.28911698,344,0.473275,5.167558268,-0.033,21.2267,1.87,12.08154962,,,,,,,,,
65,44.35653789,345,0.49665,5.572650737,0,0,1.87,12.41544266,,,,,,,,,
66,45.4239588,346,0.529375,6.100411854,0,0,1.87,12.75106772,,,,,,,,,
67,46.49137972,347,0.53515,6.330122112,0,0,1.87,13.08842479,,,,,,,,,
68,47.55880063,348,0.523875,6.357296397,0,0,1.87,13.42751388,,,,,,,,,
69,48.62622154,349,0.518925,6.457065529,0,0,1.87,13.76833498,,,,,,,,,
70,49.69364245,350,0.576125,7.347172642,0,0,1.87,14.11088809,,,,,,,,,
71,50.34485166,351,0.603625,7.821031751,0,0,1.87,14.33664905,,,,,,,,,
72,50.98407124,352,0.563475,7.414578653,0,0,1.87,14.56004268,,,,,,,,,
73,51.62329081,353,0.576675,7.705239886,0,0,1.87,14.78447351,,,,,,,,,
74,52.26251038,354,0.656425,8.904576928,0,0,1.87,15.00994155,,,,,,,,,
75,52.90172996,355,0.665225,9.160125799,0,0,1.87,15.2364468,,,,,,,,,
76,53.54094953,356,0.608025,8.497519148,0,0,1.87,15.46398925,,,,,,,,,
77,54.1801691,357,0.519475,7.367291818,0,0,1.87,15.69256891,,,,,,,,,
78,54.81938868,358,0.472175,6.794458531,0,0,1.87,15.92218578,,,,,,,,,
79,55.45860825,359,0.52195,7.619508637,0,0,1.87,16.15283986,,,,,,,,,
80,56.09782782,360,0.638,9.44721661,0,0,1.87,16.38453114,,,,,,,,,
81,56.84553934,361,0.58025,8.730786956,0,0,1.87,16.64903497,,,,,,,,,
82,57.59401566,362,0.593175,9.067831015,0,0,1.87,16.91497666,,,,,,,,,
83,58.34249198,363,0.650925,10.10781304,0,0,1.87,17.18213284,,,,,,,,,
84,59.0909683,364,0.658075,10.37845081,0,0,1.87,17.45050351,,,,,,,,,
85,59.83944461,365,0.694925,11.12891955,0,0,1.87,17.72008867,,,,,,,,,
86,60.58792093,366,0.7931,12.89524904,0,0,1.87,17.99088832,,,,,,,,,
87,61.33639725,367,0.792825,13.08568049,0,0,1.87,18.26290246,,,,,,,,,
88,62.08487357,368,0.7425,12.43840594,0,0,1.87,18.53613108,,,,,,,,,
89,62.83334988,369,0.76615,13.0246192,0,0,1.87,18.81057419,,,,,,,,,
90,63.58464085,370,0.80575,13.89917136,0,0,1.87,19.08707671,,,,,,,,,
91,64.49868495,371,0.764775,13.41816416,0,0,1.87,19.41378617,,,,,,,,,
92,65.41272905,372,0.743875,13.27210534,0,0,1.87,19.74197877,,,,,,,,,
93,66.32677315,373,0.668525,12.12690574,0,0,1.87,20.07165452,,,,,,,,,
94,67.24081724,374,0.609675,11.24184572,0,0,1.87,20.4028134,,,,,,,,,
95,68.15486134,375,0.653675,12.2496768,0,0,1.87,20.73545543,,,,,,,,,
96,69.06890544,376,0.73095,13.91850973,0,0,1.87,21.0695806,,,,,,,,,
97,69.98294954,377,0.79035,15.2893034,0,0,1.87,21.40518891,,,,,,,,,
98,70.89699363,378,0.9163,18.00495144,0,0,1.87,21.74228036,,,,,,,,,
99,71.81103773,379,0.819775,16.3591122,0,0,1.87,22.08085495,,,,,,,,,
100,72.72508183,380,0.7733,15.66933169,0,0,1.87,22.42091269,,,,,,,,,
101,73.28702558,381,0.813725,16.65959269,0,0,1.87,22.65361648,,,,,,,,,
102,73.83732966,382,0.64955,13.4334196,0,0,1.87,22.88362473,,,,,,,,,
103,74.38763373,383,0.509575,10.644917,0,0,1.87,23.11452591,,,,,,,,,
104,74.9379378,384,0.568425,11.99335755,0,0,1.87,23.34632002,,,,,,,,,
105,75.48824188,385,0.71445,15.22462237,0,0,1.87,23.57900706,,,,,,,,,
106,76.03854595,386,0.6941,14.93749597,0,0,1.87,23.81258704,,,,,,,,,
107,76.58885002,387,0.7106,15.44316691,0,0,1.87,24.04705994,,,,,,,,,
108,77.1391541,388,0.69795,15.3167124,0,0,1.87,24.28242578,,,,,,,,,
109,77.68945817,389,0.75735,16.78197123,0,0,1.87,24.51868455,,,,,,,,,
110,78.23976224,390,0.865975,19.37457265,0,0,1.87,24.75583625,,,,,,,,,
111,78.73903625,391,0.924,20.85803885,0,0,1.87,24.97769306,,,,,,,,,
112,79.23825917,392,0.8547,19.46566949,0,0,1.87,25.20034376,,,,,,,,,
113,79.7374821,393,0.549175,12.61828915,0,0,1.87,25.4238045,,,,,,,,,
114,80.23670502,394,0.56375,13.06743989,0,0,1.87,25.64807529,,,,,,,,,
115,80.73592794,395,0.86625,20.25544706,0,0,1.87,25.87315612,,,,,,,,,
116,81.23515087,396,0.801625,18.90797758,0,0,1.87,26.099047,,,,,,,,,
117,81.73437379,397,0.557425,13.26222334,0,0,1.87,26.32574793,,,,,,,,,
118,82.23359672,398,0.9152,21.96256287,0,0,1.87,26.55325891,,,,,,,,,
119,82.73281964,399,1.166,28.22174871,0,0,1.87,26.78157993,,,,,,,,,
120,83.22929909,400,1.225125,29.90551456,0,0,1.87,27.00982068,,,,,,,,,
121,83.64538649,401,1.274625,31.34753859,0,0,1.87,27.21271273,,,,,,,,,
122,84.06147389,402,1.309,32.43376372,0,0,1.87,27.41627993,,,,,,,,,
123,84.47756129,403,1.28425,32.0575728,0,0,1.87,27.62052228,,,,,,,,,
124,84.89364869,404,1.291125,32.46829654,0,0,1.87,27.82543978,,,,,,,,,
125,85.30973609,405,1.265,32.04636653,0,0,1.87,28.03103243,,,,,,,,,
126,85.72582349,406,1.233375,31.47512684,0,0,1.87,28.23730023,,,,,,,,,
127,86.14191089,407,1.219625,31.35233401,0,0,1.87,28.44424318,,,,,,,,,
128,86.55799829,408,1.269125,32.86294011,0,0,1.87,28.65186128,,,,,,,,,
129,86.97408568,409,1.31725,34.35706335,0,0,1.87,28.86015453,,,,,,,,,
130,87.39017308,410,1.19625,31.42700941,0,0,1.87,29.06912293,,,,,,,,,
131,87.69143366,411,1.280125,33.8287554,0,0,1.87,29.24047778,,,,,,,,,
132,87.99211722,412,1.3475,35.81825351,0,0,1.87,29.41212858,,,,,,,,,
133,88.29280077,413,1.3145,35.14556942,0,0,1.87,29.58426727,,,,,,,,,
134,88.59348433,414,1.304875,35.09180301,0,0,1.87,29.75689386,,,,,,,,,
135,88.89416788,415,1.342,36.30015923,0,0,1.87,29.93000835,,,,,,,,,
136,89.19485144,416,1.376375,37.44592312,0,0,1.87,30.10361072,,,,,,,,,
137,89.495535,417,1.348875,36.90997726,0,0,1.87,30.27770099,,,,,,,,,
138,89.79621855,418,1.302125,35.83617558,0,0,1.87,30.45227916,,,,,,,,,
139,90.09690211,419,1.321375,36.57502366,0,0,1.87,30.62734521,,,,,,,,,
140,90.39658445,420,1.266375,35.2531792,0,0,1.87,30.802558,,,,,,,,,
141,90.67020806,421,1.373625,38.44585672,0,0,1.87,30.96935643,,,,,,,,,
142,90.94383166,422,1.37225,38.61478196,0,0,1.87,31.13659884,,,,,,,,,
143,91.21745527,423,1.3365,37.81132805,0,0,1.87,31.30428523,,,,,,,,,
144,91.49107888,424,1.3365,38.01440673,0,0,1.87,31.47241561,,,,,,,,,
145,91.76470249,425,1.364,39.00440074,0,0,1.87,31.64098998,,,,,,,,,
146,92.0383261,426,1.331,38.26405698,0,0,1.87,31.81000833,,,,,,,,,
147,92.3119497,427,1.293875,37.39493381,0,0,1.87,31.97947067,,,,,,,,,
148,92.58557331,428,1.28425,37.31395746,0,0,1.87,32.149377,,,,,,,,,
149,92.85919692,429,1.1814,34.50752654,0,0,1.87,32.31972731,,,,,,,,,
150,93.13230774,430,0.978175,28.72235381,0,0,1.87,32.49034271,,,,,,,,,
151,93.32046681,431,0.9548,28.15796285,0,0,1.87,32.63169589,,,,,,,,,
152,93.50862587,432,1.367025,40.48988351,0,0,1.87,32.77335438,,,,,,,,,
153,93.69678493,433,1.351625,40.20716479,0,0,1.87,32.91531818,,,,,,,,,
154,93.884944,434,1.271875,37.99835191,0,0,1.87,33.05758729,,,,,,,,,
155,94.07310306,435,1.365375,40.96767541,0,0,1.87,33.2001617,,,,,,,,,
156,94.26126213,436,1.483625,44.70730914,0,0,1.87,33.34304143,,,,,,,,,
157,94.44942119,437,1.5015,45.44025113,0,0,1.87,33.48622647,,,,,,,,,
158,94.63758026,438,1.3585,41.28877798,0,0,1.87,33.62971681,,,,,,,,,
159,94.82573932,439,1.318625,40.24822309,0,0,1.87,33.77351247,,,,,,,,,
160,95.01389839,440,1.4575,44.67689946,0,0,1.87,33.91761344,,,,,,,,,
161,95.09480645,441,1.478125,45.45076519,0,0,1.87,34.02364674,,,,,,,,,
162,95.17352571,442,1.552375,47.88171706,0,0,1.87,34.12902643,,,,,,,,,
163,95.25224497,443,1.57575,48.75295125,0,0,1.87,34.23453385,,,,,,,,,
164,95.33096423,444,1.55375,48.22061511,0,0,1.87,34.340169,,,,,,,,,
165,95.4096835,445,1.577125,49.09680496,0,0,1.87,34.44593188,,,,,,,,,
166,95.48840276,446,1.486375,46.41394981,0,0,1.87,34.55182249,,,,,,,,,
167,95.56712202,447,1.615625,50.60474537,0,0,1.87,34.65784084,,,,,,,,,
168,95.64584129,448,1.648625,51.79652633,0,0,1.87,34.76398691,,,,,,,,,
169,95.72456055,449,1.65825,52.25819159,0,0,1.87,34.87026072,,,,,,,,,
170,95.80199906,450,1.714625,54.19895154,0,0,1.87,34.97619467,,,,,,,,,
171,95.84190757,451,1.7545,55.60578959,0,0,1.87,35.06852206,,,,,,,,,
172,95.88181609,452,1.6885,53.65502477,0,0,1.87,35.1609142,,,,,,,,,
173,95.9217246,453,1.601875,51.03621432,0,0,1.87,35.2533711,,,,,,,,,
174,95.96163312,454,1.667875,53.27845603,0,0,1.87,35.34589276,,,,,,,,,
175,96.00154163,455,1.68025,53.81435712,0,0,1.87,35.43847918,,,,,,,,,
176,96.04145015,456,1.7215,55.27964268,0,0,1.87,35.53113035,,,,,,,,,
177,96.08135866,457,1.7325,55.77803719,0,0,1.87,35.62384627,,,,,,,,,
178,96.12126718,458,1.706375,55.08002056,0,0,1.87,35.71662695,,,,,,,,,
179,96.16117569,459,1.684375,54.51121792,0,0,1.87,35.80947239,,,,,,,,,
180,96.20270437,460,1.681625,54.56434122,0,0,1.87,35.90298724,,,,,,,,,
181,96.35062385,461,1.731125,56.37915119,0,0,1.87,36.03636098,,,,,,,,,
182,96.49854332,462,1.749,57.17250105,0,0,1.87,36.16997473,,,,,,,,,
183,96.6464628,463,1.75175,57.47430515,0,0,1.87,36.30382851,,,,,,,,,
184,96.79438228,464,1.709125,56.28291839,0,0,1.87,36.4379223,,,,,,,,,
185,96.94230175,465,1.689875,55.85415806,0,0,1.87,36.5722561,,,,,,,,,
186,97.09022123,466,1.70225,56.47020947,0,0,1.87,36.70682993,,,,,,,,,
187,97.2381407,467,1.65825,55.21259775,0,0,1.87,36.84164377,,,,,,,,,
188,97.38606018,468,1.706375,57.02322529,0,0,1.87,36.97669762,,,,,,,,,
189,97.53397966,469,1.70775,57.27798485,0,0,1.87,37.11199149,,,,,,,,,
190,97.68179753,470,1.662375,55.95967046,0,0,1.87,37.24748664,,,,,,,,,
191,97.72811275,471,1.689875,57.03345074,0,0,1.87,37.34443485,,,,,,,,,
192,97.77442798,472,1.75175,59.27534046,0,0,1.87,37.44145822,,,,,,,,,
193,97.82074321,473,1.714625,58.1695761,0,0,1.87,37.53855674,,,,,,,,,
194,97.86705843,474,1.7215,58.55399782,0,0,1.87,37.63573041,,,,,,,,,
195,97.91337366,475,1.75725,59.92441801,0,0,1.87,37.73297923,,,,,,,,,
196,97.95968888,476,1.72425,58.95073619,0,0,1.87,37.83030321,,,,,,,,,
197,98.00600411,477,1.7325,59.38529981,0,0,1.87,37.92770233,,,,,,,,,
198,98.05231933,478,1.771,60.86098505,0,0,1.87,38.02517661,,,,,,,,,
199,98.09863456,479,1.755875,60.49600833,0,0,1.87,38.12272604,,,,,,,,,
200,98.14494979,480,1.76825,61.07838003,0,0,1.87,38.22035062,,,,,,,,,
201,98.16258112,481,1.772375,61.35942904,0,0,1.87,38.30685678,,,,,,,,,
202,98.17995196,482,1.777875,61.68871518,0,0,1.87,38.39328969,,,,,,,,,
203,98.19732279,483,1.758625,61.15819643,0,0,1.87,38.47975078,,,,,,,,,
204,98.21469363,484,1.72975,60.2892409,0,0,1.87,38.56624005,,,,,,,,,
205,98.23206447,485,1.6775,58.5992675,0,0,1.87,38.65275751,,,,,,,,,
206,98.2494353,486,1.4575,51.02811717,0,0,1.87,38.73930316,,,,,,,,,
207,98.26680614,487,1.557875,54.6642078,0,0,1.87,38.825877,,,,,,,,,
208,98.28417697,488,1.665125,58.55782225,0,0,1.87,38.91247902,,,,,,,,,
209,98.30154781,489,1.63075,57.47662398,0,0,1.87,38.99910922,,,,,,,,,
210,98.31891864,490,1.750375,61.82995404,0,0,1.87,39.08576762,,,,,,,,,
211,98.33037733,491,1.71325,60.6491316,0,0,1.87,39.17009908,,,,,,,,,
212,98.34174599,492,1.654125,58.68214652,0,0,1.87,39.2544132,,,,,,,,,
213,98.35311465,493,1.728375,61.44798716,0,0,1.87,39.33874577,,,,,,,,,
214,98.3644833,494,1.722875,61.38378748,0,0,1.87,39.42309678,,,,,,,,,
215,98.37585196,495,1.780625,63.57711557,0,0,1.87,39.50746624,,,,,,,,,
216,98.38722061,496,1.731125,61.94174635,0,0,1.87,39.59185415,,,,,,,,,
217,98.39858927,497,1.739375,62.36962502,0,0,1.87,39.6762605,,,,,,,,,
218,98.40995793,498,1.7105,61.46474949,0,0,1.87,39.7606853,,,,,,,,,
219,98.42132658,499,1.703625,61.34771808,0,0,1.87,39.84512855,,,,,,,,,
220,98.43269524,500,1.6885,60.93195248,0,0,1.87,39.92959024,,,,,,,,,
221,98.39768379,501,1.645875,59.49138758,0,0,1.87,39.9952185,,,,,,,,,
222,98.36196605,502,1.648625,59.68805783,0,0,1.87,40.06050228,,,,,,,,,
223,98.32624831,503,1.69125,61.33098108,0,0,1.87,40.12572811,,,,,,,,,
224,98.29053057,504,1.62525,59.03329699,0,0,1.87,40.19089598,,,,,,,,,
225,98.25481283,505,1.709125,62.180425,0,0,1.87,40.2560059,,,,,,,,,
226,98.21909509,506,1.764125,64.28511845,0,0,1.87,40.32105786,,,,,,,,,
227,98.18337735,507,1.709125,62.38129723,0,0,1.87,40.38605186,,,,,,,,,
228,98.14765961,508,1.676125,61.2751965,0,0,1.87,40.45098791,,,,,,,,,
229,98.11194187,509,1.722875,63.08528531,0,0,1.87,40.515866,,,,,,,,,
230,98.07622413,510,1.703625,62.48022238,0,0,1.87,40.58068614,,,,,,,,,
231,98.21220726,511,1.728375,63.60027539,0,0,1.87,40.71663174,,,,,,,,,
232,98.35027582,512,1.753125,64.72813212,0,0,1.87,40.85366426,,,,,,,,,
233,98.48834438,513,1.678875,62.19496283,0,0,1.87,40.99092081,,,,,,,,,
234,98.62641295,514,1.640375,60.97252037,0,0,1.87,41.12840139,,,,,,,,,
235,98.76448151,515,1.6775,62.56121788,0,0,1.87,41.266106,,,,,,,,,
236,98.90255007,516,1.654125,61.89565528,0,0,1.87,41.40403465,,,,,,,,,
237,99.04061864,517,1.44925,54.41039078,0,0,1.87,41.54218733,,,,,,,,,
238,99.1786872,518,1.552375,58.47623513,0,0,1.87,41.68056404,,,,,,,,,
239,99.31675577,519,1.55375,58.72265362,0,0,1.87,41.81916478,,,,,,,,,
240,99.45482433,520,1.6555,62.77591215,0,0,1.87,41.95798955,,,,,,,,,
241,99.40233261,521,1.68575,64.01210604,0,0,1.87,42.01649021,,,,,,,,,
242,99.34926749,522,1.6995,64.62357651,0,0,1.87,42.07466285,,,,,,,,,
243,99.29620237,523,1.645875,62.67088462,0,0,1.87,42.13274939,,,,,,,,,
244,99.24313724,524,1.72975,65.95530901,0,0,1.87,42.19074982,,,,,,,,,
245,99.19007212,525,1.72425,65.83584175,0,0,1.87,42.24866416,,,,,,,,,
246,99.137007,526,1.662375,63.56019119,0,0,1.87,42.30649238,,,,,,,,,
247,99.08394188,527,1.52625,58.43515718,0,0,1.87,42.3642345,,,,,,,,,
248,99.03087676,528,1.6665,63.8917102,0,0,1.87,42.42189052,,,,,,,,,
249,98.97781164,529,1.742125,66.88172735,0,0,1.87,42.47946043,,,,,,,,,
250,98.92541738,530,1.71325,65.8626423,0,0,1.87,42.53723271,,,,,,,,,
251,98.93943887,531,1.76825,68.11492446,0,0,1.87,42.62353216,,,,,,,,,
252,98.95346036,532,1.738,67.08524943,0,0,1.87,42.70985436,,,,,,,,,
253,98.96748186,533,1.601875,61.95594723,0,0,1.87,42.79619931,,,,,,,,,
254,98.98150335,534,1.670625,64.74540134,0,0,1.87,42.88256701,,,,,,,,,
255,98.99552484,535,1.711875,66.47770877,0,0,1.87,42.96895746,,,,,,,,,
256,99.00954633,536,1.7545,68.26999661,0,0,1.87,43.05537067,,,,,,,,,
257,99.02356782,537,1.667875,65.0295881,0,0,1.87,43.14180663,,,,,,,,,
258,99.03758931,538,1.7105,66.82516862,0,0,1.87,43.22826533,,,,,,,,,
259,99.0516108,539,1.681625,65.82852308,0,0,1.87,43.31474679,,,,,,,,,
260,99.0611766,540,1.626625,63.79980233,0,0,1.87,43.39929894,,,,,,,,,
261,98.92155344,541,1.588125,62.31714148,0,0,1.87,43.41838498,,,,,,,,,
262,98.78193027,542,1.683,66.06866925,0,0,1.87,43.43724447,,,,,,,,,
263,98.64230711,543,1.683,66.09701021,0,0,1.87,43.45587741,,,,,,,,,
264,98.50268395,544,1.716,67.42157534,0,0,1.87,43.47428379,,,,,,,,,
265,98.36306079,545,1.695375,66.63907497,0,0,1.87,43.49246362,,,,,,,,,
266,98.22343763,546,1.6775,65.96369115,0,0,1.87,43.51041689,,,,,,,,,
267,98.08381446,547,1.68575,66.31510939,0,0,1.87,43.52814361,,,,,,,,,
268,97.9441913,548,1.662375,65.42186052,0,0,1.87,43.54564377,,,,,,,,,
269,97.80456814,549,1.69675,66.80115793,0,0,1.87,43.56291738,,,,,,,,,
270,97.66494498,550,1.694,66.71898853,0,0,1.87,43.57996443,,,,,,,,,
271,97.74009154,551,1.689875,66.72883917,0,0,1.87,43.69279353,,,,,,,,,
272,97.82051932,552,1.714625,67.88484677,0,0,1.87,43.80810971,,,,,,,,,
273,97.90094711,553,1.683,66.80835664,0,0,1.87,43.9235564,,,,,,,,,
274,97.98137489,554,1.70225,67.75030979,0,0,1.87,44.03913359,,,,,,,,,
275,98.06180267,555,1.7105,68.25753223,0,0,1.87,44.15484128,,,,,,,,,
276,98.14223046,556,1.681625,67.28132245,0,0,1.87,44.27067948,,,,,,,,,
277,98.22265824,557,1.65,66.18894691,0,0,1.87,44.38664818,,,,,,,,,
278,98.30308603,558,1.665125,66.97039194,0,0,1.87,44.50274738,,,,,,,,,
279,98.38351381,559,1.6005,64.53933176,0,0,1.87,44.61897709,,,,,,,,,
280,98.4640999,560,1.62525,65.70838081,0,0,1.87,44.73540922,,,,,,,,,
281,98.58410341,561,1.692625,68.638084,0,0,1.87,44.8699127,,,,,,,,,
282,98.70410692,562,1.64725,66.99859627,0,0,1.87,45.00461089,,,,,,,,,
283,98.82411043,563,1.681625,68.60173701,0,0,1.87,45.13950381,,,,,,,,,
284,98.94411394,564,1.6665,68.18816984,0,0,1.87,45.27459144,,,,,,,,,
285,99.06411745,565,1.65825,68.05334505,0,0,1.87,45.40987379,,,,,,,,,
286,99.18412096,566,1.599125,65.82269219,0,0,1.87,45.54535087,,,,,,,,,
287,99.30412447,567,1.6665,68.80029686,0,0,1.87,45.68102266,,,,,,,,,
288,99.42412798,568,1.659625,68.72025195,0,0,1.87,45.81688917,,,,,,,,,
289,99.54413149,569,1.632125,67.78225201,0,0,1.87,45.9529504,,,,,,,,,
290,99.66121019,570,1.621125,67.52306756,0,0,1.87,46.08785379,,,,,,,,,
291,99.70424494,571,1.590875,66.40800948,0,0,1.87,46.1886458,,,,,,,,,
292,99.74727969,572,1.651375,69.08399488,0,0,1.87,46.28950765,,,,,,,,,
293,99.79031445,573,1.66925,69.98404595,0,0,1.87,46.39043932,,,,,,,,,
294,99.8333492,574,1.656875,69.61645862,0,0,1.87,46.49144082,,,,,,,,,
295,99.87638396,575,1.621125,68.26243983,0,0,1.87,46.59251216,,,,,,,,,
296,99.91941871,576,1.612875,68.06247554,0,0,1.87,46.69365332,,,,,,,,,
297,99.96245346,577,1.637625,69.25670543,0,0,1.87,46.79486431,,,,,,,,,
298,100.0054882,578,1.604625,68.00798001,0,0,1.87,46.89614512,,,,,,,,,
299,100.048523,579,1.618375,68.73897545,0,0,1.87,46.99749577,,,,,,,,,
300,100.0914065,580,1.645875,70.05776571,0,0,1.87,47.09884507,,,,,,,,,
301,99.98319189,581,1.654125,70.45407276,0,0,1.87,47.12904091,,,,,,,,,
302,99.8749773,582,1.68025,71.61240034,0,0,1.87,47.15906115,,,,,,,,,
303,99.76676271,583,1.692625,72.18547766,0,0,1.87,47.1889058,,,,,,,,,
304,99.65854812,584,1.692625,72.2308628,0,0,1.87,47.21857486,,,,,,,,,
305,99.55033353,585,1.678875,71.6888471,0,0,1.87,47.24806834,,,,,,,,,
306,99.44211894,586,1.648625,70.44083828,0,0,1.87,47.27738622,,,,,,,,,
307,99.33390435,587,1.66375,71.13090334,0,0,1.87,47.30652851,,,,,,,,,
308,99.22568976,588,1.615625,69.11569285,0,0,1.87,47.33549521,,,,,,,,,
309,99.11747518,589,1.4575,62.3891024,0,0,1.87,47.36428632,,,,,,,,,
310,99.00926059,590,1.508375,64.6058438,0,0,1.87,47.39290183,,,,,,,,,
311,98.93948764,591,1.5895,68.14787509,0,0,1.87,47.43977386,,,,,,,,,
312,98.8709445,592,1.579875,67.80282124,0,0,1.87,47.48712335,,,,,,,,,
313,98.80240137,593,1.590875,68.34282066,0,0,1.87,47.53436162,,,,,,,,,
314,98.73385823,594,1.584,68.11494011,0,0,1.87,47.58148867,,,,,,,,,
315,98.6653151,595,1.579875,68.00468735,0,0,1.87,47.6285045,,,,,,,,,
316,98.59677197,596,1.6115,69.43427651,0,0,1.87,47.67540911,,,,,,,,,
317,98.52822883,597,1.615625,69.68033345,0,0,1.87,47.7222025,,,,,,,,,
318,98.4596857,598,1.607375,69.39233268,0,0,1.87,47.76888467,,,,,,,,,
319,98.39114256,599,1.607375,69.45998482,0,0,1.87,47.81545563,,,,,,,,,
320,98.32320501,600,1.612875,69.7658092,0,0,1.87,47.86221015,,,,,,,,,
321,98.28653467,601,1.595,69.0818296,0,0,1.87,47.9241002,,,,,,,,,
322,98.24986433,602,1.579875,68.51502586,0,0,1.87,47.98593074,,,,,,,,,
323,98.21319399,603,1.606,69.7376545,0,0,1.87,48.04770179,,,,,,,,,
324,98.17652365,604,1.634875,71.08267943,0,0,1.87,48.10941333,,,,,,,,,
325,98.13985331,605,1.637625,71.29349201,0,0,1.87,48.17106537,,,,,,,,,
326,98.10318297,606,1.63075,71.08496571,0,0,1.87,48.2326579,,,,,,,,,
327,98.06651263,607,1.63625,71.41570547,0,0,1.87,48.29419094,,,,,,,,,
328,98.02984229,608,1.628,71.14607278,0,0,1.87,48.35566447,,,,,,,,,
329,97.99317195,609,1.617,70.75510449,0,0,1.87,48.41707851,,,,,,,,,
330,97.95650161,610,1.607375,70.42307092,0,0,1.87,48.47843304,,,,,,,,,
331,97.84488902,611,1.60875,70.51841846,0,0,1.87,48.50257853,,,,,,,,,
332,97.73320142,612,1.6225,71.15622524,0,0,1.87,48.52650567,,,,,,,,,
333,97.62151381,613,1.601875,70.28607385,0,0,1.87,48.55025158,,,,,,,,,
334,97.50982621,614,1.566125,68.7508108,0,0,1.87,48.57381627,,,,,,,,,
335,97.3981386,615,1.60325,70.41443031,0,0,1.87,48.59719973,,,,,,,,,
336,97.286451,616,1.57575,69.23967762,0,0,1.87,48.62040197,,,,,,,,,
337,97.17476339,617,1.560625,68.60754262,0,0,1.87,48.64342298,,,,,,,,,
338,97.06307579,618,1.6005,70.39354739,0,0,1.87,48.66626277,,,,,,,,,
339,96.95138818,619,1.615625,71.09186281,0,0,1.87,48.68892132,,,,,,,,,
340,96.83970058,620,1.618375,71.24574579,0,0,1.87,48.71139866,,,,,,,,,
341,96.76630117,621,1.618375,71.30657066,0,0,1.87,48.7529852,,,,,,,,,
342,96.69352434,622,1.568875,69.18481209,0,0,1.87,48.79476681,,,,,,,,,
343,96.62074751,623,1.552375,68.51564151,0,0,1.87,48.83643034,,,,,,,,,
344,96.54797067,624,1.549625,68.45245088,0,0,1.87,48.87797577,,,,,,,,,
345,96.47519384,625,1.541375,68.14572816,0,0,1.87,48.91940312,,,,,,,,,
346,96.40241701,626,1.5455,68.38579717,0,0,1.87,48.96071238,,,,,,,,,
347,96.32964017,627,1.5675,69.41761316,0,0,1.87,49.00190355,,,,,,,,,
348,96.25686334,628,1.513875,67.09899492,0,0,1.87,49.04297663,,,,,,,,,
349,96.18408651,629,1.541375,68.37491972,0,0,1.87,49.08393162,,,,,,,,,
350,96.11130968,630,1.5345,68.12657975,0,0,1.87,49.12476852,,,,,,,,,
351,96.06536788,631,1.541375,68.50766553,0,0,1.87,49.17922513,,,,,,,,,
352,96.02011416,632,1.51525,67.42147314,0,0,1.87,49.23396001,,,,,,,,,
353,95.97486045,633,1.5785,70.3137781,0,0,1.87,49.28862145,,,,,,,,,
354,95.92960673,634,1.568875,69.96243445,0,0,1.87,49.34320946,,,,,,,,,
355,95.88435301,635,1.577125,70.40803632,0,0,1.87,49.39772405,,,,,,,,,
356,95.83909929,636,1.562,69.8096591,0,0,1.87,49.45216521,,,,,,,,,
357,95.79384558,637,1.6005,71.60896017,0,0,1.87,49.50653293,,,,,,,,,
358,95.74859186,638,1.61425,72.30336636,0,0,1.87,49.56082723,,,,,,,,,
359,95.70333814,639,1.60325,71.88923159,0,0,1.87,49.6150481,,,,,,,,,
360,95.65808443,640,1.577125,70.79497266,0,0,1.87,49.66919553,,,,,,,,,
361,95.53158609,641,1.573,70.62661453,0,0,1.87,49.68101844,,,,,,,,,
362,95.40274738,642,1.57575,70.7648962,0,0,1.87,49.69141707,,,,,,,,,
363,95.27390867,643,1.590875,71.45879053,0,0,1.87,49.70160665,,,,,,,,,
364,95.14506995,644,1.58675,71.28781648,0,0,1.87,49.71158718,,,,,,,,,
365,95.01623124,645,1.588125,71.36361572,0,0,1.87,49.72135864,,,,,,,,,
366,94.88739253,646,1.555125,69.89417486,0,0,1.87,49.73092106,,,,,,,,,
367,94.75855381,647,1.54,69.22740846,0,0,1.87,49.74027441,,,,,,,,,
368,94.6297151,648,1.524875,68.56009825,0,0,1.87,49.74941871,,,,,,,,,
369,94.50087639,649,1.491875,67.08842832,0,0,1.87,49.75835396,,,,,,,,,
370,94.37203767,650,1.505625,67.71862867,0,0,1.87,49.76708015,,,,,,,,,
371,94.38784904,651,1.56475,70.49798217,0,0,1.87,49.85199584,,,,,,,,,
372,94.40721738,652,1.533125,69.19345347,0,0,1.87,49.93881872,,,,,,,,,
373,94.42658571,653,1.563375,70.68142218,0,0,1.87,50.02567303,,,,,,,,,
374,94.44595405,654,1.5455,69.99463678,0,0,1.87,50.11255877,,,,,,,,,
375,94.46532238,655,1.469875,66.68509327,0,0,1.87,50.19947593,,,,,,,,,
376,94.48469072,656,1.329625,60.4267318,0,0,1.87,50.28642453,,,,,,,,,
377,94.50405905,657,1.375,62.59695081,0,0,1.87,50.37340455,,,,,,,,,
378,94.52342739,658,1.500125,68.41123829,0,0,1.87,50.46041599,,,,,,,,,
379,94.54279572,659,1.529,69.84832391,0,0,1.87,50.54745887,,,,,,,,,
380,94.56216406,660,1.53725,70.34617503,0,0,1.87,50.63453317,,,,,,,,,
381,94.50210748,661,1.529,70.03015493,0,0,1.87,50.67904536,,,,,,,,,
382,94.44084138,662,1.519375,69.64941319,0,0,1.87,50.72281049,,,,,,,,,
383,94.37957529,663,1.519375,69.70937224,0,0,1.87,50.76647621,,,,,,,,,
384,94.31830919,664,1.53175,70.33745068,0,0,1.87,50.81004252,,,,,,,,,
385,94.25704309,665,1.557875,71.59830044,0,0,1.87,50.85350942,,,,,,,,,
386,94.195777,666,1.560625,71.78585382,0,0,1.87,50.8968769,,,,,,,,,
387,94.1345109,667,1.552375,71.46707258,0,0,1.87,50.94014498,,,,,,,,,
388,94.0732448,668,1.555125,71.65434628,0,0,1.87,50.98331364,,,,,,,,,
389,94.01197871,669,1.577125,72.72941191,0,0,1.87,51.02638289,,,,,,,,,
390,93.95071261,670,1.563375,72.15604033,0,0,1.87,51.06935273,,,,,,,,,
391,93.90682312,671,1.549625,71.59470953,0,0,1.87,51.12168276,,,,,,,,,
392,93.86293362,672,1.5345,70.96838757,0,0,1.87,51.17394158,,,,,,,,,
393,93.81904412,673,1.546875,71.61367107,0,0,1.87,51.22612917,,,,,,,,,
394,93.77515463,674,1.54,71.36792251,0,0,1.87,51.27824556,,,,,,,,,
395,93.73126513,675,1.533125,71.12142765,0,0,1.87,51.33029072,,,,,,,,,
396,93.68737564,676,1.546875,71.83194711,0,0,1.87,51.38226468,,,,,,,,,
397,93.64348614,677,1.541375,71.6488462,0,0,1.87,51.43416741,,,,,,,,,
398,93.59959665,678,1.538625,71.59308952,0,0,1.87,51.48599893,,,,,,,,,
399,93.55570715,679,1.530375,71.28080096,0,0,1.87,51.53775923,,,,,,,,,
400,93.50953893,680,1.529,71.28644581,0,0,1.87,51.58819117,,,,,,,,,
401,93.36207091,681,1.529,71.27869211,0,0,1.87,51.58258002,,,,,,,,,
402,93.21460289,682,1.527625,71.2065155,0,0,1.87,51.57672959,,,,,,,,,
403,93.06713487,683,1.518,70.74951513,0,0,1.87,51.57063987,,,,,,,,,
404,92.91966685,684,1.508375,70.29229452,0,0,1.87,51.56431087,,,,,,,,,
405,92.77219883,685,1.502875,70.02706594,0,0,1.87,51.55774259,,,,,,,,,
406,92.62473081,686,1.4265625,66.46247755,0,0,1.87,51.55093502,,,,,,,,,
407,92.47726279,687,1.134375,52.84245655,0,0,1.87,51.54388816,,,,,,,,,
408,92.32979478,688,1.2106875,56.38934052,0,0,1.87,51.53660203,,,,,,,,,
409,92.18232676,689,1.24025,57.75781722,0,0,1.87,51.52907661,,,,,,,,,
410,92.03485874,690,1.296625,60.37407365,0,0,1.87,51.5213119,,,,,,,,,
411,92.02119819,691,1.351625,63.01686528,0,0,1.87,51.58832219,,,,,,,,,
412,92.01096861,692,1.390125,64.8984313,0,0,1.87,51.65723653,,,,,,,,,
413,92.00073903,693,1.384625,64.72787774,0,0,1.87,51.72613427,,,,,,,,,
414,91.99050944,694,1.370875,64.17043738,0,0,1.87,51.79501542,,,,,,,,,
415,91.98027986,695,1.3915,65.22249234,0,0,1.87,51.86387997,,,,,,,,,
416,91.97005028,696,1.398375,65.63174678,0,0,1.87,51.93272792,,,,,,,,,
417,91.95982069,697,1.46025,68.62664335,0,0,1.87,52.00155927,,,,,,,,,
418,91.94959111,698,1.450625,68.26451849,0,0,1.87,52.07037402,,,,,,,,,
419,91.93936153,699,1.42175,66.99409807,0,0,1.87,52.13917217,,,,,,,,,
420,91.92604562,700,1.406625,66.36660456,0,0,1.87,52.20620095,,,,,,,,,
421,91.60718328,701,1.38875,65.38923676,0,0,1.87,52.09943577,,,,,,,,,
422,91.28832095,702,1.387375,65.18997947,0,0,1.87,51.9921532,,,,,,,,,
423,90.96945861,703,1.39975,65.63508618,0,0,1.87,51.88435323,,,,,,,,,
424,90.65059628,704,1.428625,66.84920065,0,0,1.87,51.77603588,,,,,,,,,
425,90.33173395,705,1.447875,67.60754744,0,0,1.87,51.66720113,,,,,,,,,
426,90.01287161,706,1.442375,67.20818278,0,0,1.87,51.557849,,,,,,,,,
427,89.69400928,707,1.439625,66.93709791,0,0,1.87,51.44797947,,,,,,,,,
428,89.37514694,708,1.43275,66.47450196,0,0,1.87,51.33759255,,,,,,,,,
429,89.05628461,709,1.439625,66.64918393,0,0,1.87,51.22668824,,,,,,,,,
430,88.73742228,710,1.441,66.56773603,0,0,1.87,51.11526654,,,,,,,,,
431,87.75529853,711,1.439625,65.86079626,0,0,1.87,50.62073199,,,,,,,,,
432,86.75686507,712,1.43,64.76711171,0,0,1.87,50.11518252,,,,,,,,,
433,85.75843161,713,1.42175,63.74178852,0,0,1.87,49.60801298,,,,,,,,,
434,84.75999815,714,1.423125,63.14905368,0,0,1.87,49.09922336,,,,,,,,,
435,83.76156469,715,1.392875,61.16424445,0,0,1.87,48.58881366,,,,,,,,,
436,82.76313123,716,1.37225,59.62354905,0,0,1.87,48.0767839,,,,,,,,,
437,81.76469777,717,1.22375,52.60322186,0,0,1.87,47.56313406,,,,,,,,,
438,80.76626431,718,1.1276375,47.94668643,0,0,1.87,47.04786415,,,,,,,,,
439,79.76783085,719,1.0366125,43.59209714,0,0,1.87,46.53097417,,,,,,,,,
440,78.76939739,720,1.0861125,45.16473641,0,0,1.87,46.01246411,,,,,,,,,
441,76.16168624,721,1.1966625,48.18125919,0,0,1.87,44.55098268,,,,,,,,,
442,73.49040695,722,1.32825,51.67521866,0,0,1.87,43.04803401,,,,,,,,,
443,70.81912766,723,1.255375,47.12995167,0,0,1.87,41.54075088,,,,,,,,,
444,68.14784837,724,1.166,42.18168397,0,0,1.87,40.02913329,,,,,,,,,
445,65.47656908,725,1.150875,40.05776606,0,0,1.87,38.51318125,,,,,,,,,
446,62.80528979,726,1.1825,39.53380743,0,0,1.87,36.99289475,,,,,,,,,
447,60.1340105,727,1.1825,37.90446558,0,0,1.87,35.46827379,,,,,,,,,
448,57.46273121,728,1.1495,35.2582918,0,0,1.87,33.93931837,,,,,,,,,
449,54.79145192,729,1.156375,33.86676231,0,0,1.87,32.40602849,,,,,,,,,
450,52.11693323,730,1.222375,34.09893538,0,0,1.87,30.86648561,,,,,,,,,
451,49.12171367,731,1.19625,31.4954259,0,0,1.87,29.13240631,,,,,,,,,
452,46.12649411,732,1.2595,31.18130938,0,0,1.87,27.39346693,,,,,,,,,
453,43.13127456,733,1.309,30.34384154,0,0,1.87,25.64966746,,,,,,,,,
454,40.136055,734,1.34475,29.04737855,0,0,1.87,23.9010079,,,,,,,,,
455,37.14083545,735,1.332375,26.66859471,0,0,1.87,22.14748825,,,,,,,,,
456,34.14561589,736,1.321375,24.3485722,0,0,1.87,20.38910851,,,,,,,,,
457,31.15039633,737,1.32275,22.26606555,0,0,1.87,18.62586868,,,,,,,,,
458,28.15517678,738,1.335125,20.34094834,0,0,1.87,16.85776877,,,,,,,,,
459,25.15995722,739,1.31725,17.95796797,0,0,1.87,15.08480877,,,,,,,,,
460,22.16473767,740,1.3365,16.07303635,0,0,1.87,13.30698868,,,,,,,,,
461,20.67431683,741,1.332375,14.96616397,0,0,1.87,12.42896164,,,,,,,,,
462,19.20063288,742,1.335125,13.94684665,0,0,1.87,11.55859167,,,,,,,,,
463,17.72694894,743,1.36125,13.14605209,0,0,1.87,10.68583047,,,,,,,,,
464,16.25326499,744,1.373625,12.17913338,0,0,1.87,9.810678048,,,,,,,,,
465,14.77958105,745,1.373625,11.0897366,0,0,1.87,8.933134407,,,,,,,,,
466,13.3058971,746,1.365375,9.937327049,0,0,1.87,8.053199544,,,,,,,,,
467,11.83221315,747,1.364,8.839660903,0,0,1.87,7.17087346,,,,,,,,,
468,10.35852921,748,1.362625,7.741242888,0,0,1.87,6.286156154,,,,,,,,,
469,8.884845263,749,1.354375,6.60853605,0,0,1.87,5.399047627,,,,,,,,,
470,7.411161317,750,1.353,5.514167764,0,0,1.87,4.509547878,,,,,,,,,
471,6.891122807,751,1.353,5.134076927,0,0,1.87,4.198705353,,,,,,,,,
472,6.394534595,752,1.351625,4.76560065,0,0,1.87,3.901326108,,,,,,,,,
473,5.897946382,753,1.346125,4.383447756,0,0,1.87,3.603141092,,,,,,,,,
474,5.40135817,754,1.359875,4.06076597,0,0,1.87,3.304150304,,,,,,,,,
475,4.904769958,755,1.353,3.67365222,0,0,1.87,3.004353745,,,,,,,,,
476,4.408181745,756,1.343375,3.282563965,0,0,1.87,2.703751414,,,,,,,,,
477,3.911593533,757,1.343375,2.916631147,0,0,1.87,2.402343311,,,,,,,,,
478,3.415005321,758,1.346125,2.554939548,0,0,1.87,2.100129438,,,,,,,,,
479,2.918417108,759,1.1873125,1.928363165,0,0,1.87,1.797109793,,,,,,,,,
480,2.421828896,760,0.403425,0.544445616,0,0,1.87,1.493284376,,,,,,,,,
481,2.252709762,761,0.2578125,0.324062305,0,0,1.87,1.390834228,,,,,,,,,
482,2.094066935,762,0.6391,0.747737216,0,0,1.87,1.294586289,,,,,,,,,
483,1.935424107,763,0.4800125,0.51974208,0,0,1.87,1.198080933,,,,,,,,,
484,1.77678128,764,0.58905,0.586292228,0,0,1.87,1.101318161,,,,,,,,,
485,1.618138453,765,0.7497875,0.680534204,0,0,1.87,1.004297972,,,,,,,,,
486,1.459495626,766,0.8974625,0.73566912,0,0,1.87,0.907020368,,,,,,,,,
487,1.300852799,767,1.06535,0.779382192,0,0,1.87,0.809485347,,,,,,,,,
488,1.142209972,768,1.2032625,0.77393092,0,0,1.87,0.71169291,,,,,,,,,
489,0.983567145,769,1.236125,0.685531462,0,0,1.87,0.613643057,,,,,,,,,
490,0.824924317,770,1.271875,0.592357526,0,0,1.87,0.515335788,,,,,,,,,
491,0.804229306,771,1.285625,0.58449827,0,0,1.87,0.503059952,,,,,,,,,
492,0.787800722,772,1.287,0.573914068,0,0,1.87,0.493422725,,,,,,,,,
493,0.771372138,773,1.287,0.562673728,0,0,1.87,0.48375884,,,,,,,,,
494,0.754943554,774,1.287,0.551402382,0,0,1.87,0.474068298,,,,,,,,,
495,0.738514971,775,1.288375,0.54067706,0,0,1.87,0.464351099,,,,,,,,,
496,0.722086387,776,1.29525,0.532156202,0,0,1.87,0.454607243,,,,,,,,,
497,0.705657803,777,1.288375,0.517955089,0,0,1.87,0.44483673,,,,,,,,,
498,0.689229219,778,1.287,0.506006939,0,0,1.87,0.435039559,,,,,,,,,
499,0.672800635,779,1.285625,0.494052166,0,0,1.87,0.425215731,,,,,,,,,
500,0.656372051,780,1.277375,0.479510083,0,0,1.87,0.415365245,,,,,,,,,
501,0.643583704,781,1.276,0.470263634,0,0,1.87,0.40779467,,,,,,,,,
502,0.630877243,782,1.276,0.461569324,0,0,1.87,0.400255296,,,,,,,,,
503,0.618170783,783,1.274625,0.452363252,0,0,1.87,0.392695305,,,,,,,,,
504,0.605464322,784,1.26775,0.44123798,0,0,1.87,0.385114696,,,,,,,,,
505,0.592757862,785,1.274625,0.434874618,0,0,1.87,0.377513469,,,,,,,,,
506,0.580051401,786,1.27325,0.425635026,0,0,1.87,0.369891625,,,,,,,,,
507,0.567344941,787,1.255375,0.410988853,0,0,1.87,0.362249163,,,,,,,,,
508,0.55463848,788,1.243,0.39832906,0,0,1.87,0.354586083,,,,,,,,,
509,0.541932019,789,1.22925,0.385386662,0,0,1.87,0.346902386,,,,,,,,,
510,0.529225559,790,1.2045,0.36924052,0,0,1.87,0.339198071,,,,,,,,,
511,0.529136697,791,1.20725,0.370489776,0,0,1.87,0.339570409,,,,,,,,,
512,0.529123997,792,1.199,0.368414294,0,0,1.87,0.339991541,,,,,,,,,
513,0.529111298,793,1.19075,0.36633251,0,0,1.87,0.340412653,,,,,,,,,
514,0.529098599,794,1.197625,0.368903364,0,0,1.87,0.340833745,,,,,,,,,
515,0.529085899,795,1.19625,0.368935049,0,0,1.87,0.341254815,,,,,,,,,
516,0.5290732,796,1.1825,0.365144387,0,0,1.87,0.341675865,,,,,,,,,
517,0.5290605,797,1.199,0.370695651,0,0,1.87,0.342096895,,,,,,,,,
518,0.529047801,798,1.2155,0.37625945,0,0,1.87,0.342517903,,,,,,,,,
519,0.529035101,799,1.199,0.371608038,0,0,1.87,0.342938892,,,,,,,,,
520,0,800,1.181125,0,0,0,1.87,0,,,,,,,,,
521,0,801,1.186625,0,0,0,1.87,0,,,,,,,,,
522,0,802,1.18525,0,0,0,1.87,0,,,,,,,,,
523,0,803,1.1715,0,0,0,1.87,0,,,,,,,,,
524,0,804,1.181125,0,0,0,1.87,0,,,,,,,,,
525,0,805,1.164625,0,0,0,1.87,0,,,,,,,,,
526,0,806,1.192125,0,0,0,1.87,0,,,,,,,,,
527,0,807,1.189375,0,0,0,1.87,0,,,,,,,,,
528,0,808,1.183875,0,0,0,1.87,0,,,,,,,,,
529,0,809,1.159125,0,0,0,1.87,0,,,,,,,,,
530,0,810,1.155,0,0,0,1.87,0,,,,,,,,,
531,0,811,1.150875,0,0,0,1.87,0,,,,,,,,,
532,0,812,1.12475,0,0,0,1.87,0,,,,,,,,,
533,0,813,1.0973875,0,0,0,1.87,0,,,,,,,,,
534,0,814,1.0049875,0,0,0,1.87,0,,,,,,,,,
535,0,815,0.9747375,0,0,0,1.87,0,,,,,,,,,
536,0,816,0.924275,0,0,0,1.87,0,,,,,,,,,
537,0,817,0.9273,0,0,0,1.87,0,,,,,,,,,
538,0,818,0.9174,0,0,0,1.87,0,,,,,,,,,
539,0,819,0.9758375,0,0,0,1.87,0,,,,,,,,,
540,0,820,0.96965,0,0,0,1.87,0,,,,,,,,,
541,0,821,1.069475,0,0,0,1.87,0,,,,,,,,,
542,0,822,1.012,0,0,0,1.87,0,,,,,,,,,
543,0,823,0.8122125,0,0,0,1.87,0,,,,,,,,,
544,0,824,0.994125,0,0,0,1.87,0,,,,,,,,,
545,0,825,1.0539375,0,0,0,1.87,0,,,,,,,,,
546,0,826,1.0360625,0,0,0,1.87,0,,,,,,,,,
547,0,827,1.054625,0,0,0,1.87,0,,,,,,,,,
548,0,828,0.9612625,0,0,0,1.87,0,,,,,,,,,
549,0,829,1.006775,0,0,0,1.87,0,,,,,,,,,
550,0,830,1.007325,0,0,0,1.87,0,,,,,,,,,
551,0,831,1.0080125,0,0,0,1.87,0,,,,,,,,,
552,0,832,0.9937125,0,0,0,1.87,0,,,,,,,,,
553,0,833,1.0377125,0,0,0,1.87,0,,,,,,,,,
554,0,834,1.03675,0,0,0,1.87,0,,,,,,,,,
555,0,835,1.0863875,0,0,0,1.87,0,,,,,,,,,
556,0,836,1.076625,0,0,0,1.87,0,,,,,,,,,
557,0,837,1.103575,0,0,0,1.87,0,,,,,,,,,
558,0,838,1.0978,0,0,0,1.87,0,,,,,,,,,
559,0,839,1.099175,0,0,0,1.87,0,,,,,,,,,
560,0,840,1.10935,0,0,0,1.87,0,,,,,,,,,
561,0,841,1.1088,0,0,0,1.87,0,,,,,,,,,
562,0,842,1.096425,0,0,0,1.87,0,,,,,,,,,
563,0,843,1.0968375,0,0,0,1.87,0,,,,,,,,,
564,0,844,1.08735,0,0,0,1.87,0,,,,,,,,,
565,0,845,1.1086625,0,0,0,1.87,0,,,,,,,,,
566,0,846,1.1163625,0,0,0,1.87,0,,,,,,,,,
567,0,847,1.0921625,0,0,0,1.87,0,,,,,,,,,
568,0,848,1.087075,0,0,0,1.87,0,,,,,,,,,
569,0,849,1.069475,0,0,0,1.87,0,,,,,,,,,
570,0,850,1.0038875,0,0,0,1.87,0,,,,,,,,,
571,0,851,1.057375,0,0,0,1.87,0,,,,,,,,,
572,0,852,1.0637,0,0,0,1.87,0,,,,,,,,,
573,0,853,1.04335,0,0,0,1.87,0,,,,,,,,,
574,0,854,0.957825,0,0,0,1.87,0,,,,,,,,,
575,0,855,1.0008625,0,0,0,1.87,0,,,,,,,,,
576,0,856,1.0613625,0,0,0,1.87,0,,,,,,,,,
577,0,857,1.0852875,0,0,0,1.87,0,,,,,,,,,
578,0,858,1.0879,0,0,0,1.87,0,,,,,,,,,
579,0,859,1.08735,0,0,0,1.87,0,,,,,,,,,
580,0,860,1.0839125,0,0,0,1.87,0,,,,,,,,,
581,0,861,1.0836375,0,0,0,1.87,0,,,,,,,,,
582,0,862,1.090925,0,0,0,1.87,0,,,,,,,,,
583,0,863,1.09395,0,0,0,1.87,0,,,,,,,,,
584,0,864,1.074425,0,0,0,1.87,0,,,,,,,,,
585,0,865,1.0426625,0,0,0,1.87,0,,,,,,,,,
586,0,866,0.9563125,0,0,0,1.87,0,,,,,,,,,
587,0,867,1.0011375,0,0,0,1.87,0,,,,,,,,,
588,0,868,1.04445,0,0,0,1.87,0,,,,,,,,,
589,0,869,1.0454125,0,0,0,1.87,0,,,,,,,,,
590,0,870,1.0571,0,0,0,1.87,0,,,,,,,,,
591,0,871,1.0498125,0,0,0,1.87,0,,,,,,,,,
592,0,872,1.0572375,0,0,0,1.87,0,,,,,,,,,
593,0,873,1.048575,0,0,0,1.87,0,,,,,,,,,
594,0,874,1.032075,0,0,0,1.87,0,,,,,,,,,
595,0,875,1.0219,0,0,0,1.87,0,,,,,,,,,
596,0,876,1.0418375,0,0,0,1.87,0,,,,,,,,,
597,0,877,1.047475,0,0,0,1.87,0,,,,,,,,,
598,0,878,1.0432125,0,0,0,1.87,0,,,,,,,,,
599,0,879,1.0300125,0,0,0,1.87,0,,,,,,,,,
600,0,880,1.026025,0,0,0,1.87,0,,,,,,,,,
601,0,881,1.0041625,0,0,0,1.87,0,,,,,,,,,
602,0,882,1.0192875,0,0,0,1.87,0,,,,,,,,,
603,0,883,1.020525,0,0,0,1.87,0,,,,,,,,,
604,0,884,1.0242375,0,0,0,1.87,0,,,,,,,,,
605,0,885,1.0294625,0,0,0,1.87,0,,,,,,,,,
606,0,886,1.001,0,0,0,1.87,0,,,,,,,,,
607,0,887,1.0000375,0,0,0,1.87,0,,,,,,,,,
608,0,888,1.012,0,0,0,1.87,0,,,,,,,,,
609,0,889,1.0220375,0,0,0,1.87,0,,,,,,,,,
610,0,890,1.0148875,0,0,0,1.87,0,,,,,,,,,
611,0,891,1.0126875,0,0,0,1.87,0,,,,,,,,,
612,0,892,0.994125,0,0,0,1.87,0,,,,,,,,,
613,0,893,0.9598875,0,0,0,1.87,0,,,,,,,,,
614,0,894,0.9317,0,0,0,1.87,0,,,,,,,,,
615,0,895,0.8903125,0,0,0,1.87,0,,,,,,,,,
616,0,896,0.8298125,0,0,0,1.87,0,,,,,,,,,
617,0,897,0.75075,0,0,0,1.87,0,,,,,,,,,
618,0,898,0.7572125,0,0,0,1.87,0,,,,,,,,,
619,0,899,0.651475,0,0,0,1.87,0,,,,,,,,,
620,0,900,0.7679375,0,0,0,1.87,0,,,,,,,,,
621,0,901,0.686675,0,0,0,1.87,0,,,,,,,,,
622,0,902,0.7261375,0,0,0,1.87,0,,,,,,,,,
623,0,903,0.774125,0,0,0,1.87,0,,,,,,,,,
624,0,904,0.901175,0,0,0,1.87,0,,,,,,,,,
625,0,905,0.8944375,0,0,0,1.87,0,,,,,,,,,
626,0,906,0.837375,0,0,0,1.87,0,,,,,,,,,
627,0,907,0.7211875,0,0,0,1.87,0,,,,,,,,,
628,0,908,0.7203625,0,0,0,1.87,0,,,,,,,,,
629,0,909,0.7541875,0,0,0,1.87,0,,,,,,,,,
630,0,910,0.702075,0,0,0,1.87,0,,,,,,,,,
631,0,911,0.729575,0,0,0,1.87,0,,,,,,,,,
632,0,912,0.7445625,0,0,0,1.87,0,,,,,,,,,
633,0,913,0.697675,0,0,0,1.87,0,,,,,,,,,
634,0,914,0.6947875,0,0,0,1.87,0,,,,,,,,,
635,0,915,0.7227,0,0,0,1.87,0,,,,,,,,,
636,0,916,0.667425,0,0,0,1.87,0,,,,,,,,,
637,0,917,0.760925,0,0,0,1.87,0,,,,,,,,,
638,0,918,0.6890125,0,0,0,1.87,0,,,,,,,,,
639,0,919,0.7913125,0,0,0,1.87,0,,,,,,,,,
640,0,920,0.8204625,0,0,0,1.87,0,,,,,,,,,
641,0,921,0.83985,0,0,0,1.87,0,,,,,,,,,
642,0,922,0.7849875,0,0,0,1.87,0,,,,,,,,,
643,0,923,0.8078125,0,0,0,1.87,0,,,,,,,,,
644,0,924,0.792825,0,0,0,1.87,0,,,,,,,,,
645,0,925,0.780175,0,0,0,1.87,0,,,,,,,,,
646,0,926,0.78375,0,0,0,1.87,0,,,,,,,,,
647,0,927,0.8248625,0,0,0,1.87,0,,,,,,,,,
648,0,928,0.6686625,0,0,0,1.87,0,,,,,,,,,
649,0,929,0.5938625,0,0,0,1.87,0,,,,,,,,,
650,0,930,0.4873,0,0,0,1.87,0,,,,,,,,,
651,0,931,0.4371125,0,0,0,1.87,0,,,,,,,,,
652,0,932,0.3377,0,0,0,1.87,0,,,,,,,,,
653,0,933,0.2655125,0,0,0,1.87,0,,,,,,,,,
654,0,934,0.18645,0,0,0,1.87,0,,,,,,,,,
655,0,935,0.24805,0,0,0,1.87,0,,,,,,,,,
656,0,936,0.1896125,0,0,0,1.87,0,,,,,,,,,
657,0,937,0.1841125,0,0,0,1.87,0,,,,,,,,,
658,0,938,0.2421375,0,0,0,1.87,0,,,,,,,,,
659,0,939,0.420475,0,0,0,1.87,0,,,,,,,,,
660,0,940,0.4934875,0,0,0,1.87,0,,,,,,,,,
661,0,941,0.42625,0,0,0,1.87,0,,,,,,,,,
662,0,942,0.4225375,0,0,0,1.87,0,,,,,,,,,
663,0,943,0.3240875,0,0,0,1.87,0,,,,,,,,,
664,0,944,0.3238125,0,0,0,1.87,0,,,,,,,,,
665,0,945,0.3686375,0,0,0,1.87,0,,,,,,,,,
666,0,946,0.2613875,0,0,0,1.87,0,,,,,,,,,
667,0,947,0.3694625,0,0,0,1.87,0,,,,,,,,,
668,0,948,0.3438875,0,0,0,1.87,0,,,,,,,,,
669,0,949,0.464475,0,0,0,1.87,0,,,,,,,,,
670,0,950,0.2553375,0,0,0,1.87,0,,,,,,,,,
671,0,951,0.4547125,0,0,0,1.87,0,,,,,,,,,
672,0,952,0.3345375,0,0,0,1.87,0,,,,,,,,,
673,0,953,0.3779875,0,0,0,1.87,0,,,,,,,,,
674,0,954,0.4428875,0,0,0,1.87,0,,,,,,,,,
675,0,955,0.383625,0,0,0,1.87,0,,,,,,,,,
676,0,956,0.35365,0,0,0,1.87,0,,,,,,,,,
677,0,957,0.3309625,0,0,0,1.87,0,,,,,,,,,
678,0,958,0.4679125,0,0,0,1.87,0,,,,,,,,,
679,0,959,0.4285875,0,0,0,1.87,0,,,,,,,,,
680,0,960,0.4602125,0,0,0,1.87,0,,,,,,,,,
681,0,961,0.49775,0,0,0,1.87,0,,,,,,,,,
682,0,962,0.496375,0,0,0,1.87,0,,,,,,,,,
683,0,963,0.539275,0,0,0,1.87,0,,,,,,,,,
684,0,964,0.51535,0,0,0,1.87,0,,,,,,,,,
685,0,965,0.545875,0,0,0,1.87,0,,,,,,,,,
686,0,966,0.5512375,0,0,0,1.87,0,,,,,,,,,
687,0,967,0.5715875,0,0,0,1.87,0,,,,,,,,,
688,0,968,0.6991875,0,0,0,1.87,0,,,,,,,,,
689,0,969,0.7407125,0,0,0,1.87,0,,,,,,,,,
690,0,970,0.714175,0,0,0,1.87,0,,,,,,,,,
691,0,971,0.7687625,0,0,0,1.87,0,,,,,,,,,
692,0,972,0.7470375,0,0,0,1.87,0,,,,,,,,,
693,0,973,0.672375,0,0,0,1.87,0,,,,,,,,,
694,0,974,0.6375875,0,0,0,1.87,0,,,,,,,,,
695,0,975,0.6424,0,0,0,1.87,0,,,,,,,,,
696,0,976,0.6386875,0,0,0,1.87,0,,,,,,,,,
697,0,977,0.6881875,0,0,0,1.87,0,,,,,,,,,
698,0,978,0.6807625,0,0,0,1.87,0,,,,,,,,,
699,0,979,0.6919,0,0,0,1.87,0,,,,,,,,,
700,0,980,0.6826875,0,0,0,1.87,0,,,,,,,,,
701,0,981,0.7643625,0,0,0,1.87,0,,,,,,,,,
702,0,982,0.758725,0,0,0,1.87,0,,,,,,,,,
703,0,983,0.7462125,0,0,0,1.87,0,,,,,,,,,
704,0,984,0.7924125,0,0,0,1.87,0,,,,,,,,,
705,0,985,0.77,0,0,0,1.87,0,,,,,,,,,
706,0,986,0.8135875,0,0,0,1.87,0,,,,,,,,,
707,0,987,0.8118,0,0,0,1.87,0,,,,,,,,,
708,0,988,0.808775,0,0,0,1.87,0,,,,,,,,,
709,0,989,0.8174375,0,0,0,1.87,0,,,,,,,,,
710,0,990,0.808225,0,0,0,1.87,0,,,,,,,,,
711,0,991,0.8229375,0,0,0,1.87,0,,,,,,,,,
712,0,992,0.82225,0,0,0,1.87,0,,,,,,,,,
713,0,993,0.8127625,0,0,0,1.87,0,,,,,,,,,
714,0,994,0.8245875,0,0,0,1.87,0,,,,,,,,,
715,0,995,0.8248625,0,0,0,1.87,0,,,,,,,,,
716,0,996,0.820875,0,0,0,1.87,0,,,,,,,,,
717,0,997,0.8129,0,0,0,1.87,0,,,,,,,,,
718,0,998,0.8107,0,0,0,1.87,0,,,,,,,,,
719,0,999,0.809325,0,0,0,1.87,0,,,,,,,,,
720,0,1000,0.80795,0,0,0,1.87,0,,,,,,,,,
721,0,1001,0.8127625,0,0,0,1.87,0,,,,,,,,,
722,0,1002,0.801625,0,0,0,1.87,0,,,,,,,,,
723,0,1003,0.8028625,0,0,0,1.87,0,,,,,,,,,
724,0,1004,0.788975,0,0,0,1.87,0,,,,,,,,,
725,0,1005,0.7579,0,0,0,1.87,0,,,,,,,,,
726,0,1006,0.7797625,0,0,0,1.87,0,,,,,,,,,
727,0,1007,0.795575,0,0,0,1.87,0,,,,,,,,,
728,0,1008,0.7965375,0,0,0,1.87,0,,,,,,,,,
729,0,1009,0.790625,0,0,0,1.87,0,,,,,,,,,
730,0,1010,0.7893875,0,0,0,1.87,0,,,,,,,,,
731,0,1011,0.792,0,0,0,1.87,0,,,,,,,,,
732,0,1012,0.7891125,0,0,0,1.87,0,,,,,,,,,
733,0,1013,0.78815,0,0,0,1.87,0,,,,,,,,,
734,0,1014,0.7887,0,0,0,1.87,0,,,,,,,,,
735,0,1015,0.7788,0,0,0,1.87,0,,,,,,,,,
736,0,1016,0.7783875,0,0,0,1.87,0,,,,,,,,,
737,0,1017,0.7737125,0,0,0,1.87,0,,,,,,,,,
738,0,1018,0.77825,0,0,0,1.87,0,,,,,,,,,
739,0,1019,0.7605125,0,0,0,1.87,0,,,,,,,,,
740,0,1020,0.7657375,0,0,0,1.87,0,,,,,,,,,
741,0,1021,0.7679375,0,0,0,1.87,0,,,,,,,,,
742,0,1022,0.7591375,0,0,0,1.87,0,,,,,,,,,
743,0,1023,0.7610625,0,0,0,1.87,0,,,,,,,,,
744,0,1024,0.7594125,0,0,0,1.87,0,,,,,,,,,
745,0,1025,0.7643625,0,0,0,1.87,0,,,,,,,,,
746,0,1026,0.7632625,0,0,0,1.87,0,,,,,,,,,
747,0,1027,0.76065,0,0,0,1.87,0,,,,,,,,,
748,0,1028,0.7599625,0,0,0,1.87,0,,,,,,,,,
749,0,1029,0.7541875,0,0,0,1.87,0,,,,,,,,,
750,0,1030,0.7566625,0,0,0,1.87,0,,,,,,,,,
751,0,1031,0.7541875,0,0,0,1.87,0,,,,,,,,,
752,0,1032,0.7528125,0,0,0,1.87,0,,,,,,,,,
753,0,1033,0.7436,0,0,0,1.87,0,,,,,,,,,
754,0,1034,0.745525,0,0,0,1.87,0,,,,,,,,,
755,0,1035,0.747725,0,0,0,1.87,0,,,,,,,,,
756,0,1036,0.7470375,0,0,0,1.87,0,,,,,,,,,
757,0,1037,0.74085,0,0,0,1.87,0,,,,,,,,,
758,0,1038,0.7379625,0,0,0,1.87,0,,,,,,,,,
759,0,1039,0.7403,0,0,0,1.87,0,,,,,,,,,
760,0,1040,0.73755,0,0,0,1.87,0,,,,,,,,,
761,0,1041,0.737,0,0,0,1.87,0,,,,,,,,,
762,0,1042,0.7360375,0,0,0,1.87,0,,,,,,,,,
763,0,1043,0.730675,0,0,0,1.87,0,,,,,,,,,
764,0,1044,0.731775,0,0,0,1.87,0,,,,,,,,,
765,0,1045,0.7272375,0,0,0,1.87,0,,,,,,,,,
766,0,1046,0.71335,0,0,0,1.87,0,,,,,,,,,
767,0,1047,0.71995,0,0,0,1.87,0,,,,,,,,,
768,0,1048,0.725725,0,0,0,1.87,0,,,,,,,,,
769,0,1049,0.7227,0,0,0,1.87,0,,,,,,,,,
770,0,1050,0.71885,0,0,0,1.87,0,,,,,,,,,
771,0,1051,0.71775,0,0,0,1.87,0,,,,,,,,,
772,0,1052,0.714175,0,0,0,1.87,0,,,,,,,,,
773,0,1053,0.7117,0,0,0,1.87,0,,,,,,,,,
774,0,1054,0.71005,0,0,0,1.87,0,,,,,,,,,
775,0,1055,0.71115,0,0,0,1.87,0,,,,,,,,,
776,0,1056,0.7095,0,0,0,1.87,0,,,,,,,,,
777,0,1057,0.7066125,0,0,0,1.87,0,,,,,,,,,
778,0,1058,0.69795,0,0,0,1.87,0,,,,,,,,,
779,0,1059,0.68365,0,0,0,1.87,0,,,,,,,,,
780,0,1060,0.693,0,0,0,1.87,0,,,,,,,,,
781,0,1061,0.6846125,0,0,0,1.87,0,,,,,,,,,
782,0,1062,0.691075,0,0,0,1.87,0,,,,,,,,,
783,0,1063,0.6857125,0,0,0,1.87,0,,,,,,,,,
784,0,1064,0.69135,0,0,0,1.87,0,,,,,,,,,
785,0,1065,0.6884625,0,0,0,1.87,0,,,,,,,,,
786,0,1066,0.6787,0,0,0,1.87,0,,,,,,,,,
787,0,1067,0.6802125,0,0,0,1.87,0,,,,,,,,,
788,0,1068,0.6754,0,0,0,1.87,0,,,,,,,,,
789,0,1069,0.6505125,0,0,0,1.87,0,,,,,,,,,
790,0,1070,0.662475,0,0,0,1.87,0,,,,,,,,,
791,0,1071,0.6747125,0,0,0,1.87,0,,,,,,,,,
792,0,1072,0.6738875,0,0,0,1.87,0,,,,,,,,,
793,0,1073,0.666325,0,0,0,1.87,0,,,,,,,,,
794,0,1074,0.6755375,0,0,0,1.87,0,,,,,,,,,
795,0,1075,0.6571125,0,0,0,1.87,0,,,,,,,,,
796,0,1076,0.6699,0,0,0,1.87,0,,,,,,,,,
797,0,1077,0.6645375,0,0,0,1.87,0,,,,,,,,,
798,0,1078,0.662475,0,0,0,1.87,0,,,,,,,,,
799,0,1079,0.6622,0,0,0,1.87,0,,,,,,,,,
800,0,1080,0.654225,0,0,0,1.87,0,,,,,,,,,
801,0,1081,0.640475,0,0,0,1.87,0,,,,,,,,,
802,0,1082,0.6466625,0,0,0,1.87,0,,,,,,,,,
803,0,1083,0.6518875,0,0,0,1.87,0,,,,,,,,,
804,0,1084,0.639375,0,0,0,1.87,0,,,,,,,,,
805,0,1085,0.643775,0,0,0,1.87,0,,,,,,,,,
806,0,1086,0.6153125,0,0,0,1.87,0,,,,,,,,,
807,0,1087,0.623425,0,0,0,1.87,0,,,,,,,,,
808,0,1088,0.6447375,0,0,0,1.87,0,,,,,,,,,
809,0,1089,0.6342875,0,0,0,1.87,0,,,,,,,,,
810,0,1090,0.6172375,0,0,0,1.87,0,,,,,,,,,
811,0,1091,0.6402,0,0,0,1.87,0,,,,,,,,,
812,0,1092,0.6292,0,0,0,1.87,0,,,,,,,,,
813,0,1093,0.57365,0,0,0,1.87,0,,,,,,,,,
814,0,1094,0.5852,0,0,0,1.87,0,,,,,,,,,
815,0,1095,0.571175,0,0,0,1.87,0,,,,,,,,,
816,0,1096,0.56485,0,0,0,1.87,0,,,,,,,,,
817,0,1097,0.614075,0,0,0,1.87,0,,,,,,,,,
818,0,1098,0.5630625,0,0,0,1.87,0,,,,,,,,,
819,0,1099,0.553025,0,0,0,1.87,0,,,,,,,,,
820,0,1100,0.537075,0,0,0,1.87,0,,,,,,,,,
821,0,1101,0.5401,0,0,0,1.87,0,,,,,,,,,
822,0,1102,0.5182375,0,0,0,1.87,0,,,,,,,,,
823,0,1103,0.51205,0,0,0,1.87,0,,,,,,,,,
824,0,1104,0.517825,0,0,0,1.87,0,,,,,,,,,
825,0,1105,0.5352875,0,0,0,1.87,0,,,,,,,,,
826,0,1106,0.4632375,0,0,0,1.87,0,,,,,,,,,
827,0,1107,0.5091625,0,0,0,1.87,0,,,,,,,,,
828,0,1108,0.464475,0,0,0,1.87,0,,,,,,,,,
829,0,1109,0.46255,0,0,0,1.87,0,,,,,,,,,
830,0,1110,0.4965125,0,0,0,1.87,0,,,,,,,,,
831,0,1111,0.39545,0,0,0,1.87,0,,,,,,,,,
832,0,1112,0.4222625,0,0,0,1.87,0,,,,,,,,,
833,0,1113,0.3188625,0,0,0,1.87,0,,,,,,,,,
834,0,1114,0.3177625,0,0,0,1.87,0,,,,,,,,,
835,0,1115,0.274175,0,0,0,1.87,0,,,,,,,,,
836,0,1116,0.21098,0,0,0,1.87,0,,,,,,,,,
837,0,1117,0.12298,0,0,0,1.87,0,,,,,,,,,
838,0,1118,0.20548,0,0,0,1.87,0,,,,,,,,,
839,0,1119,0.1425875,0,0,0,1.87,0,,,,,,,,,
840,0,1120,0.158125,0,0,0,1.87,0,,,,,,,,,
841,0,1121,0.1833425,0,0,0,1.87,0,,,,,,,,,
842,0,1122,0.1101925,0,0,0,1.87,0,,,,,,,,,
843,0,1123,0.1316425,0,0,0,1.87,0,,,,,,,,,
844,0,1124,0.1265,0,0,0,1.87,0,,,,,,,,,
845,0,1125,0.1407175,0,0,0,1.87,0,,,,,,,,,
846,0,1126,0.0837925,0,0,0,1.87,0,,,,,,,,,
847,0,1127,0.15019125,0,0,0,1.87,0,,,,,,,,,
848,0,1128,0.117755,0,0,0,1.87,0,,,,,,,,,
849,0,1129,0.11072875,0,0,0,1.87,0,,,,,,,,,
850,0,1130,0.1132175,0,0,0,1.87,0,,,,,,,,,
851,0,1131,0.2850925,0,0,0,1.87,0,,,,,,,,,
852,0,1132,0.253825,0,0,0,1.87,0,,,,,,,,,
853,0,1133,0.1639825,0,0,0,1.87,0,,,,,,,,,
854,0,1134,0.057475,0,0,0,1.87,0,,,,,,,,,
855,0,1135,0.036025,0,0,0,1.87,0,,,,,,,,,
856,0,1136,0.14718,0,0,0,1.87,0,,,,,,,,,
857,0,1137,0.2822875,0,0,0,1.87,0,,,,,,,,,
858,0,1138,0.2479125,0,0,0,1.87,0,,,,,,,,,
859,0,1139,0.308825,0,0,0,1.87,0,,,,,,,,,
860,0,1140,0.2778875,0,0,0,1.87,0,,,,,,,,,
861,0,1141,0.2250875,0,0,0,1.87,0,,,,,,,,,
862,0,1142,0.2541,0,0,0,1.87,0,,,,,,,,,
863,0,1143,0.3029125,0,0,0,1.87,0,,,,,,,,,
864,0,1144,0.1560625,0,0,0,1.87,0,,,,,,,,,
865,0,1145,0.157575,0,0,0,1.87,0,,,,,,,,,
866,0,1146,0.1577125,0,0,0,1.87,0,,,,,,,,,
867,0,1147,0.1073875,0,0,0,1.87,0,,,,,,,,,
868,0,1148,0.2608375,0,0,0,1.87,0,,,,,,,,,
869,0,1149,0.2336125,0,0,0,1.87,0,,,,,,,,,
870,0,1150,0.1577125,0,0,0,1.87,0,,,,,,,,,
871,0,1151,0.218075,0,0,0,1.87,0,,,,,,,,,
872,0,1152,0.264275,0,0,0,1.87,0,,,,,,,,,
873,0,1153,0.2490125,0,0,0,1.87,0,,,,,,,,,
874,0,1154,0.1926375,0,0,0,1.87,0,,,,,,,,,
875,0,1155,0.315425,0,0,0,1.87,0,,,,,,,,,
876,0,1156,0.317075,0,0,0,1.87,0,,,,,,,,,
877,0,1157,0.3403125,0,0,0,1.87,0,,,,,,,,,
878,0,1158,0.34595,0,0,0,1.87,0,,,,,,,,,
879,0,1159,0.3592875,0,0,0,1.87,0,,,,,,,,,
880,0,1160,0.3298625,0,0,0,1.87,0,,,,,,,,,
881,0,1161,0.3735875,0,0,0,1.87,0,,,,,,,,,
882,0,1162,0.39985,0,0,0,1.87,0,,,,,,,,,
883,0,1163,0.4884,0,0,0,1.87,0,,,,,,,,,
884,0,1164,0.4483875,0,0,0,1.87,0,,,,,,,,,
885,0,1165,0.4266625,0,0,0,1.87,0,,,,,,,,,
886,0,1166,0.4181375,0,0,0,1.87,0,,,,,,,,,
887,0,1167,0.446325,0,0,0,1.87,0,,,,,,,,,
888,0,1168,0.4591125,0,0,0,1.87,0,,,,,,,,,
889,0,1169,0.4684625,0,0,0,1.87,0,,,,,,,,,
890,0,1170,0.4965125,0,0,0,1.87,0,,,,,,,,,
891,0,1171,0.4940375,0,0,0,1.87,0,,,,,,,,,
892,0,1172,0.498575,0,0,0,1.87,0,,,,,,,,,
893,0,1173,0.484,0,0,0,1.87,0,,,,,,,,,
894,0,1174,0.401775,0,0,0,1.87,0,,,,,,,,,
895,0,1175,0.4835875,0,0,0,1.87,0,,,,,,,,,
896,0,1176,0.51865,0,0,0,1.87,0,,,,,,,,,
897,0,1177,0.50325,0,0,0,1.87,0,,,,,,,,,
898,0,1178,0.4272125,0,0,0,1.87,0,,,,,,,,,
899,0,1179,0.507375,0,0,0,1.87,0,,,,,,,,,
900,0,1180,0.490875,0,0,0,1.87,0,,,,,,,,,
901,0,1181,0.4791875,0,0,0,1.87,0,,,,,,,,,
902,0,1182,0.3881625,0,0,0,1.87,0,,,,,,,,,
903,0,1183,0.4624125,0,0,0,1.87,0,,,,,,,,,
904,0,1184,0.4615875,0,0,0,1.87,0,,,,,,,,,
905,0,1185,0.4580125,0,0,0,1.87,0,,,,,,,,,
906,0,1186,0.51095,0,0,0,1.87,0,,,,,,,,,
907,0,1187,0.485925,0,0,0,1.87,0,,,,,,,,,
908,0,1188,0.3950375,0,0,0,1.87,0,,,,,,,,,
909,0,1189,0.4516875,0,0,0,1.87,0,,,,,,,,,
910,0,1190,0.498575,0,0,0,1.87,0,,,,,,,,,
911,0,1191,0.4954125,0,0,0,1.87,0,,,,,,,,,
912,0,1192,0.512875,0,0,0,1.87,0,,,,,,,,,
913,0,1193,0.502975,0,0,0,1.87,0,,,,,,,,,
914,0,1194,0.5097125,0,0,0,1.87,0,,,,,,,,,
915,0,1195,0.491425,0,0,0,1.87,0,,,,,,,,,
916,0,1196,0.481525,0,0,0,1.87,0,,,,,,,,,
917,0,1197,0.5113625,0,0,0,1.87,0,,,,,,,,,
918,0,1198,0.472725,0,0,0,1.87,0,,,,,,,,,
919,0,1199,0.4213,0,0,0,1.87,0,,,,,,,,,
920,0,1200,0.478775,0,0,0,1.87,0,,,,,,,,,
921,0,1201,0.4811125,0,0,0,1.87,0,,,,,,,,,
922,0,1202,0.4791875,0,0,0,1.87,0,,,,,,,,,
923,0,1203,0.4668125,0,0,0,1.87,0,,,,,,,,,
924,0,1204,0.4173125,0,0,0,1.87,0,,,,,,,,,
925,0,1205,0.4753375,0,0,0,1.87,0,,,,,,,,,
926,0,1206,0.5149375,0,0,0,1.87,0,,,,,,,,,
927,0,1207,0.479325,0,0,0,1.87,0,,,,,,,,,
928,0,1208,0.472175,0,0,0,1.87,0,,,,,,,,,
929,0,1209,0.462275,0,0,0,1.87,0,,,,,,,,,
930,0,1210,0.487575,0,0,0,1.87,0,,,,,,,,,
931,0,1211,0.467775,0,0,0,1.87,0,,,,,,,,,
932,0,1212,0.4720375,0,0,0,1.87,0,,,,,,,,,
933,0,1213,0.5039375,0,0,0,1.87,0,,,,,,,,,
934,0,1214,0.4802875,0,0,0,1.87,0,,,,,,,,,
935,0,1215,0.47575,0,0,0,1.87,0,,,,,,,,,
936,0,1216,0.5047625,0,0,0,1.87,0,,,,,,,,,
937,0,1217,0.5014625,0,0,0,1.87,0,,,,,,,,,
938,0,1218,0.5014625,0,0,0,1.87,0,,,,,,,,,
939,0,1219,0.4929375,0,0,0,1.87,0,,,,,,,,,
940,0,1220,0.5020125,0,0,0,1.87,0,,,,,,,,,
941,0,1221,0.5075125,0,0,0,1.87,0,,,,,,,,,
942,0,1222,0.4959625,0,0,0,1.87,0,,,,,,,,,
943,0,1223,0.4888125,0,0,0,1.87,0,,,,,,,,,
944,0,1224,0.493075,0,0,0,1.87,0,,,,,,,,,
945,0,1225,0.506,0,0,0,1.87,0,,,,,,,,,
946,0,1226,0.5080625,0,0,0,1.87,0,,,,,,,,,
947,0,1227,0.48455,0,0,0,1.87,0,,,,,,,,,
948,0,1228,0.5071,0,0,0,1.87,0,,,,,,,,,
949,0,1229,0.5115,0,0,0,1.87,0,,,,,,,,,
950,0,1230,0.5075125,0,0,0,1.87,0,,,,,,,,,
951,0,1231,0.515625,0,0,0,1.87,0,,,,,,,,,
952,0,1232,0.510675,0,0,0,1.87,0,,,,,,,,,
953,0,1233,0.50215,0,0,0,1.87,0,,,,,,,,,
954,0,1234,0.5130125,0,0,0,1.87,0,,,,,,,,,
955,0,1235,0.5116375,0,0,0,1.87,0,,,,,,,,,
956,0,1236,0.513425,0,0,0,1.87,0,,,,,,,,,
957,0,1237,0.5097125,0,0,0,1.87,0,,,,,,,,,
958,0,1238,0.5121875,0,0,0,1.87,0,,,,,,,,,
959,0,1239,0.50765,0,0,0,1.87,0,,,,,,,,,
960,0,1240,0.50545,0,0,0,1.87,0,,,,,,,,,
961,0,1241,0.506825,0,0,0,1.87,0,,,,,,,,,
962,0,1242,0.5064125,0,0,0,1.87,0,,,,,,,,,
963,0,1243,0.5020125,0,0,0,1.87,0,,,,,,,,,
964,0,1244,0.4998125,0,0,0,1.87,0,,,,,,,,,
965,0,1245,0.500775,0,0,0,1.87,0,,,,,,,,,
966,0,1246,0.5031125,0,0,0,1.87,0,,,,,,,,,
967,0,1247,0.5020125,0,0,0,1.87,0,,,,,,,,,
968,0,1248,0.5027,0,0,0,1.87,0,,,,,,,,,
969,0,1249,0.5033875,0,0,0,1.87,0,,,,,,,,,
970,0,1250,0.5011875,0,0,0,1.87,0,,,,,,,,,
971,0,1251,0.49665,0,0,0,1.87,0,,,,,,,,,
972,0,1252,0.4945875,0,0,0,1.87,0,,,,,,,,,
973,0,1253,0.4906,0,0,0,1.87,0,,,,,,,,,
974,0,1254,0.4877125,0,0,0,1.87,0,,,,,,,,,
975,0,1255,0.4915625,0,0,0,1.87,0,,,,,,,,,
976,0,1256,0.4835875,0,0,0,1.87,0,,,,,,,,,
977,0,1257,0.4794625,0,0,0,1.87,0,,,,,,,,,
978,0,1258,0.48455,0,0,0,1.87,0,,,,,,,,,
979,0,1259,0.471625,0,0,0,1.87,0,,,,,,,,,
980,0,1260,0.4697,0,0,0,1.87,0,,,,,,,,,
981,0,1261,0.4516875,0,0,0,1.87,0,,,,,,,,,
982,0,1262,0.4371125,0,0,0,1.87,0,,,,,,,,,
983,0,1263,0.4343625,0,0,0,1.87,0,,,,,,,,,
984,0,1264,0.414425,0,0,0,1.87,0,,,,,,,,,
985,0,1265,0.42955,0,0,0,1.87,0,,,,,,,,,
986,0,1266,0.424325,0,0,0,1.87,0,,,,,,,,,
987,0,1267,0.4228125,0,0,0,1.87,0,,,,,,,,,
988,0,1268,0.3914625,0,0,0,1.87,0,,,,,,,,,
989,0,1269,0.3067625,0,0,0,1.87,0,,,,,,,,,
990,0,1270,0.4082375,0,0,0,1.87,0,,,,,,,,,
991,0,1271,0.44495,0,0,0,1.87,0,,,,,,,,,
992,0,1272,0.44825,0,0,0,1.87,0,,,,,,,,,
993,0,1273,0.4459125,0,0,0,1.87,0,,,,,,,,,
994,0,1274,0.446325,0,0,0,1.87,0,,,,,,,,,
995,0,1275,0.4519625,0,0,0,1.87,0,,,,,,,,,
996,0,1276,0.457325,0,0,0,1.87,0,,,,,,,,,
997,0,1277,0.46145,0,0,0,1.87,0,,,,,,,,,
998,0,1278,0.467225,0,0,0,1.87,0,,,,,,,,,
999,0,1279,0.4654375,0,0,0,1.87,0,,,,,,,,,
1000,0,1280,0.4621375,0,0,0,1.87,0,,,,,,,,,
1001,0,1281,0.4489375,0,0,0,1.87,0,,,,,,,,,
1002,0,1282,0.419375,0,0,0,1.87,0,,,,,,,,,
1003,0,1283,0.44385,0,0,0,1.87,0,,,,,,,,,
1004,0,1284,0.4604875,0,0,0,1.87,0,,,,,,,,,
1005,0,1285,0.4653,0,0,0,1.87,0,,,,,,,,,
1006,0,1286,0.4675,0,0,0,1.87,0,,,,,,,,,
1007,0,1287,0.4635125,0,0,0,1.87,0,,,,,,,,,
1008,0,1288,0.4596625,0,0,0,1.87,0,,,,,,,,,
1009,0,1289,0.4508625,0,0,0,1.87,0,,,,,,,,,
1010,0,1290,0.4533375,0,0,0,1.87,0,,,,,,,,,
1011,0,1291,0.4549875,0,0,0,1.87,0,,,,,,,,,
1012,0,1292,0.439725,0,0,0,1.87,0,,,,,,,,,
1013,0,1293,0.4488,0,0,0,1.87,0,,,,,,,,,
1014,0,1294,0.4445375,0,0,0,1.87,0,,,,,,,,,
1015,0,1295,0.4420625,0,0,0,1.87,0,,,,,,,,,
1016,0,1296,0.426525,0,0,0,1.87,0,,,,,,,,,
1017,0,1297,0.4123625,0,0,0,1.87,0,,,,,,,,,
1018,0,1298,0.4294125,0,0,0,1.87,0,,,,,,,,,
1019,0,1299,0.4379375,0,0,0,1.87,0,,,,,,,,,
1020,0,1300,0.396,0,0,0,1.87,0,,,,,,,,,
1021,0,1301,0.3999875,0,0,0,1.87,0,,,,,,,,,
1022,0,1302,0.41965,0,0,0,1.87,0,,,,,,,,,
1023,0,1303,0.3796375,0,0,0,1.87,0,,,,,,,,,
1024,0,1304,0.3476,0,0,0,1.87,0,,,,,,,,,
1025,0,1305,0.4098875,0,0,0,1.87,0,,,,,,,,,
1026,0,1306,0.410575,0,0,0,1.87,0,,,,,,,,,
1027,0,1307,0.3518625,0,0,0,1.87,0,,,,,,,,,
1028,0,1308,0.38005,0,0,0,1.87,0,,,,,,,,,
1029,0,1309,0.4048,0,0,0,1.87,0,,,,,,,,,
1030,0,1310,0.34595,0,0,0,1.87,0,,,,,,,,,
1031,0,1311,0.361625,0,0,0,1.87,0,,,,,,,,,
1032,0,1312,0.362725,0,0,0,1.87,0,,,,,,,,,
1033,0,1313,0.343475,0,0,0,1.87,0,,,,,,,,,
1034,0,1314,0.319825,0,0,0,1.87,0,,,,,,,,,
1035,0,1315,0.3191375,0,0,0,1.87,0,,,,,,,,,
1036,0,1316,0.348425,0,0,0,1.87,0,,,,,,,,,
1037,0,1317,0.3466375,0,0,0,1.87,0,,,,,,,,,
1038,0,1318,0.3535125,0,0,0,1.87,0,,,,,,,,,
1039,0,1319,0.302225,0,0,0,1.87,0,,,,,,,,,
1040,0,1320,0.290675,0,0,0,1.87,0,,,,,,,,,
1041,0,1321,0.3227125,0,0,0,1.87,0,,,,,,,,,
1042,0,1322,0.3212,0,0,0,1.87,0,,,,,,,,,
1043,0,1323,0.2688125,0,0,0,1.87,0,,,,,,,,,
1044,0,1324,0.2921875,0,0,0,1.87,0,,,,,,,,,
1045,0,1325,0.33935,0,0,0,1.87,0,,,,,,,,,
1046,0,1326,0.3117125,0,0,0,1.87,0,,,,,,,,,
1047,0,1327,0.290125,0,0,0,1.87,0,,,,,,,,,
1048,0,1328,0.2539625,0,0,0,1.87,0,,,,,,,,,
1049,0,1329,0.2096875,0,0,0,1.87,0,,,,,,,,,
1050,0,1330,0.2330625,0,0,0,1.87,0,,,,,,,,,
1051,0,1331,0.170225,0,0,0,1.87,0,,,,,,,,,
1052,0,1332,0.1673375,0,0,0,1.87,0,,,,,,,,,
1053,0,1333,0.21065,0,0,0,1.87,0,,,,,,,,,
1054,0,1334,0.1991,0,0,0,1.87,0,,,,,,,,,
1055,0,1335,0.238975,0,0,0,1.87,0,,,,,,,,,
1056,0,1336,0.2052875,0,0,0,1.87,0,,,,,,,,,
1057,0,1337,0.1849375,0,0,0,1.87,0,,,,,,,,,
1058,0,1338,0.1936,0,0,0,1.87,0,,,,,,,,,
1059,0,1339,0.192775,0,0,0,1.87,0,,,,,,,,,
1060,0,1340,0.186175,0,0,0,1.87,0,,,,,,,,,
1061,0,1341,0.187825,0,0,0,1.87,0,,,,,,,,,
1062,0,1342,0.1876875,0,0,0,1.87,0,,,,,,,,,
1063,0,1343,0.1396175,0,0,0,1.87,0,,,,,,,,,
1064,0,1344,0.094655,0,0,0,1.87,0,,,,,,,,,
1065,0,1345,0.1082675,0,0,0,1.87,0,,,,,,,,,
1066,0,1346,0.07107375,0,0,0,1.87,0,,,,,,,,,
1067,0,1347,0.05803875,0,0,0,1.87,0,,,,,,,,,
1068,0,1348,0.0143275,0,0,0,1.87,0,,,,,,,,,
1069,0,1349,0.01612875,0,0,0,1.87,0,,,,,,,,,
1070,0,1350,0.01604625,0,0,0,1.87,0,,,,,,,,,
1071,0,1351,0.00620125,0,0,0,1.87,0,,,,,,,,,
1072,0,1352,0.00188375,0,0,0,1.87,0,,,,,,,,,
1073,0,1353,0.00033,0,0,0,1.87,0,,,,,,,,,
1074,0,1354,0.00026125,0,0,0,1.87,0,,,,,,,,,
1075,0,1355,4.13E-05,0,0,0,1.87,0,,,,,,,,,
1076,0,1356,1.38E-05,0,0,0,1.87,0,,,,,,,,,
1077,0,1357,8.25E-05,0,0,0,1.87,0,,,,,,,,,
1078,0,1358,1.38E-05,0,0,0,1.87,0,,,,,,,,,
1079,0,1359,0,0,0,0,1.87,0,,,,,,,,,
1080,0,1360,0,0,0,0,1.87,0,,,,,,,,,
1081,0,1361,0,0,0,0,1.87,0,,,,,,,,,
1082,0,1362,0,0,0,0,1.87,0,,,,,,,,,
1083,0,1363,0,0,0,0,1.87,0,,,,,,,,,
1084,0,1364,0,0,0,0,1.87,0,,,,,,,,,
1085,0,1365,0,0,0,0,1.87,0,,,,,,,,,
1086,0,1366,0,0,0,0,1.87,0,,,,,,,,,
1087,0,1367,0,0,0,0,1.87,0,,,,,,,,,
1088,0,1368,0,0,0,0,1.87,0,,,,,,,,,
1089,0,1369,0,0,0,0,1.87,0,,,,,,,,,
1090,0,1370,0,0,0,0,1.87,0,,,,,,,,,
1091,0,1371,0,0,0,0,1.87,0,,,,,,,,,
1092,0,1372,0,0,0,0,1.87,0,,,,,,,,,
1093,0,1373,2.75E-05,0,0,0,1.87,0,,,,,,,,,
1094,0,1374,0.00020625,0,0,0,1.87,0,,,,,,,,,
1095,0,1375,0.00031625,0,0,0,1.87,0,,,,,,,,,
1096,0,1376,0.0003025,0,0,0,1.87,0,,,,,,,,,
1097,0,1377,0.000275,0,0,0,1.87,0,,,,,,,,,
1098,0,1378,0.000935,0,0,0,1.87,0,,,,,,,,,
1099,0,1379,0.0002475,0,0,0,1.87,0,,,,,,,,,
1100,0,1380,9.63E-05,0,0,0,1.87,0,,,,,,,,,
1101,0,1381,1.38E-05,0,0,0,1.87,0,,,,,,,,,
1102,0,1382,0,0,0,0,1.87,0,,,,,,,,,
1103,0,1383,0,0,0,0,1.87,0,,,,,,,,,
1104,0,1384,0,0,0,0,1.87,0,,,,,,,,,
1105,0,1385,0,0,0,0,1.87,0,,,,,,,,,
1106,0,1386,2.75E-05,0,0,0,1.87,0,,,,,,,,,
1107,0,1387,0.000165,0,0,0,1.87,0,,,,,,,,,
1108,0,1388,0.00011,0,0,0,1.87,0,,,,,,,,,
1109,0,1389,0.00056375,0,0,0,1.87,0,,,,,,,,,
1110,0,1390,0.00053625,0,0,0,1.87,0,,,,,,,,,
1111,0,1391,0.00031625,0,0,0,1.87,0,,,,,,,,,
1112,0,1392,5.50E-05,0,0,0,1.87,0,,,,,,,,,
1113,0,1393,9.63E-05,0,0,0,1.87,0,,,,,,,,,
1114,0,1394,9.63E-05,0,0,0,1.87,0,,,,,,,,,
1115,0,1395,1.38E-05,0,0,0,1.87,0,,,,,,,,,
1116,0,1396,0,0,0,0,1.87,0,,,,,,,,,
1117,0,1397,0.00017875,0,0,0,1.87,0,,,,,,,,,
1118,0,1398,0.0011825,0,0,0,1.87,0,,,,,,,,,
1119,0,1399,0.00083875,0,0,0,1.87,0,,,,,,,,,
1120,0,1400,0.00011,0,0,0,1.87,0,,,,,,,,,
1121,0,1401,0.0002475,0,0,0,1.87,0,,,,,,,,,
1122,0,1402,0.001815,0,0,0,1.87,0,,,,,,,,,
1123,0,1403,0.00232375,0,0,0,1.87,0,,,,,,,,,
1124,0,1404,0.0009075,0,0,0,1.87,0,,,,,,,,,
1125,0,1405,0.00037125,0,0,0,1.87,0,,,,,,,,,
1126,0,1406,0.0016775,0,0,0,1.87,0,,,,,,,,,
1127,0,1407,0.00066,0,0,0,1.87,0,,,,,,,,,
1128,0,1408,0.00143,0,0,0,1.87,0,,,,,,,,,
1129,0,1409,0.00078375,0,0,0,1.87,0,,,,,,,,,
1130,0,1410,0.00078375,0,0,0,1.87,0,,,,,,,,,
1131,0,1411,0.00215875,0,0,0,1.87,0,,,,,,,,,
1132,0,1412,0.0056375,0,0,0,1.87,0,,,,,,,,,
1133,0,1413,0.019635,0,0,0,1.87,0,,,,,,,,,
1134,0,1414,0.00356125,0,0,0,1.87,0,,,,,,,,,
1135,0,1415,0.00510125,0,0,0,1.87,0,,,,,,,,,
1136,0,1416,0.03092375,0,0,0,1.87,0,,,,,,,,,
1137,0,1417,0.01639,0,0,0,1.87,0,,,,,,,,,
1138,0,1418,0.013035,0,0,0,1.87,0,,,,,,,,,
1139,0,1419,0.00471625,0,0,0,1.87,0,,,,,,,,,
1140,0,1420,0.008305,0,0,0,1.87,0,,,,,,,,,
1141,0,1421,0.0149875,0,0,0,1.87,0,,,,,,,,,
1142,0,1422,0.04063125,0,0,0,1.87,0,,,,,,,,,
1143,0,1423,0.01626625,0,0,0,1.87,0,,,,,,,,,
1144,0,1424,0.018755,0,0,0,1.87,0,,,,,,,,,
1145,0,1425,0.0274175,0,0,0,1.87,0,,,,,,,,,
1146,0,1426,0.0331925,0,0,0,1.87,0,,,,,,,,,
1147,0,1427,0.0451825,0,0,0,1.87,0,,,,,,,,,
1148,0,1428,0.01571625,0,0,0,1.87,0,,,,,,,,,
1149,0,1429,0.04032875,0,0,0,1.87,0,,,,,,,,,
1150,0,1430,0.06274125,0,0,0,1.87,0,,,,,,,,,
1151,0,1431,0.05003625,0,0,0,1.87,0,,,,,,,,,
1152,0,1432,0.01384625,0,0,0,1.87,0,,,,,,,,,
1153,0,1433,0.03267,0,0,0,1.87,0,,,,,,,,,
1154,0,1434,0.02509375,0,0,0,1.87,0,,,,,,,,,
1155,0,1435,0.02578125,0,0,0,1.87,0,,,,,,,,,
1156,0,1436,0.038555,0,0,0,1.87,0,,,,,,,,,
1157,0,1437,0.0316525,0,0,0,1.87,0,,,,,,,,,
1158,0,1438,0.02198625,0,0,0,1.87,0,,,,,,,,,
1159,0,1439,0.04923875,0,0,0,1.87,0,,,,,,,,,
1160,0,1440,0.043945,0,0,0,1.87,0,,,,,,,,,
1161,0,1441,0.03656125,0,0,0,1.87,0,,,,,,,,,
1162,0,1442,0.0403975,0,0,0,1.87,0,,,,,,,,,
1163,0,1443,0.05049,0,0,0,1.87,0,,,,,,,,,
1164,0,1444,0.06381375,0,0,0,1.87,0,,,,,,,,,
1165,0,1445,0.0525525,0,0,0,1.87,0,,,,,,,,,
1166,0,1446,0.03075875,0,0,0,1.87,0,,,,,,,,,
1167,0,1447,0.0487575,0,0,0,1.87,0,,,,,,,,,
1168,0,1448,0.11386375,0,0,0,1.87,0,,,,,,,,,
1169,0,1449,0.10371625,0,0,0,1.87,0,,,,,,,,,
1170,0,1450,0.0380875,0,0,0,1.87,0,,,,,,,,,
1171,0,1451,0.02154625,0,0,0,1.87,0,,,,,,,,,
1172,0,1452,0.06408875,0,0,0,1.87,0,,,,,,,,,
1173,0,1453,0.0947925,0,0,0,1.87,0,,,,,,,,,
1174,0,1454,0.13333375,0,0,0,1.87,0,,,,,,,,,
1175,0,1455,0.08542875,0,0,0,1.87,0,,,,,,,,,
1176,0,1456,0.09801,0,0,0,1.87,0,,,,,,,,,
1177,0,1457,0.12736625,0,0,0,1.87,0,,,,,,,,,
1178,0,1458,0.1507,0,0,0,1.87,0,,,,,,,,,
1179,0,1459,0.16489,0,0,0,1.87,0,,,,,,,,,
1180,0,1460,0.1050775,0,0,0,1.87,0,,,,,,,,,
1181,0,1461,0.10384,0,0,0,1.87,0,,,,,,,,,
1182,0,1462,0.12555125,0,0,0,1.87,0,,,,,,,,,
1183,0,1463,0.074195,0,0,0,1.87,0,,,,,,,,,
1184,0,1464,0.1433025,0,0,0,1.87,0,,,,,,,,,
1185,0,1465,0.1065075,0,0,0,1.87,0,,,,,,,,,
1186,0,1466,0.0713625,0,0,0,1.87,0,,,,,,,,,
1187,0,1467,0.04910125,0,0,0,1.87,0,,,,,,,,,
1188,0,1468,0.08122125,0,0,0,1.87,0,,,,,,,,,
1189,0,1469,0.0953975,0,0,0,1.87,0,,,,,,,,,
1190,0,1470,0.0562925,0,0,0,1.87,0,,,,,,,,,
1191,0,1471,0.02789875,0,0,0,1.87,0,,,,,,,,,
1192,0,1472,0.0505175,0,0,0,1.87,0,,,,,,,,,
1193,0,1473,0.07750875,0,0,0,1.87,0,,,,,,,,,
1194,0,1474,0.1150325,0,0,0,1.87,0,,,,,,,,,
1195,0,1475,0.17458375,0,0,0,1.87,0,,,,,,,,,
1196,0,1476,0.09145125,0,0,0,1.87,0,,,,,,,,,
1197,0,1477,0.07547375,0,0,0,1.87,0,,,,,,,,,
1198,0,1478,0.07827875,0,0,0,1.87,0,,,,,,,,,
1199,0,1479,0.1160225,0,0,0,1.87,0,,,,,,,,,
1200,0,1480,0.082225,0,0,0,1.87,0,,,,,,,,,
1201,0,1481,0.11121,0,0,0,1.87,0,,,,,,,,,
1202,0,1482,0.08426,0,0,0,1.87,0,,,,,,,,,
1203,0,1483,0.14895375,0,0,0,1.87,0,,,,,,,,,
1204,0,1484,0.1505625,0,0,0,1.87,0,,,,,,,,,
1205,0,1485,0.138875,0,0,0,1.87,0,,,,,,,,,
1206,0,1486,0.12698125,0,0,0,1.87,0,,,,,,,,,
1207,0,1487,0.07973625,0,0,0,1.87,0,,,,,,,,,
1208,0,1488,0.11177375,0,0,0,1.87,0,,,,,,,,,
1209,0,1489,0.19276125,0,0,0,1.87,0,,,,,,,,,
1210,0,1490,0.196625,0,0,0,1.87,0,,,,,,,,,
1211,0,1491,0.209,0,0,0,1.87,0,,,,,,,,,
1212,0,1492,0.187275,0,0,0,1.87,0,,,,,,,,,
1213,0,1493,0.1997875,0,0,0,1.87,0,,,,,,,,,
1214,0,1494,0.2173875,0,0,0,1.87,0,,,,,,,,,
1215,0,1495,0.2011625,0,0,0,1.87,0,,,,,,,,,
1216,0,1496,0.194975,0,0,0,1.87,0,,,,,,,,,
1217,0,1497,0.2371875,0,0,0,1.87,0,,,,,,,,,
1218,0,1498,0.2171125,0,0,0,1.87,0,,,,,,,,,
1219,0,1499,0.2393875,0,0,0,1.87,0,,,,,,,,,
1220,0,1500,0.272525,0,0,0,1.87,0,,,,,,,,,
1221,0,1501,0.2850375,0,0,0,1.87,0,,,,,,,,,
1222,0,1502,0.2539625,0,0,0,1.87,0,,,,,,,,,
1223,0,1503,0.2058375,0,0,0,1.87,0,,,,,,,,,
1224,0,1504,0.1826,0,0,0,1.87,0,,,,,,,,,
1225,0,1505,0.2091375,0,0,0,1.87,0,,,,,,,,,
1226,0,1506,0.27225,0,0,0,1.87,0,,,,,,,,,
1227,0,1507,0.2781625,0,0,0,1.87,0,,,,,,,,,
1228,0,1508,0.26015,0,0,0,1.87,0,,,,,,,,,
1229,0,1509,0.22385,0,0,0,1.87,0,,,,,,,,,
1230,0,1510,0.284625,0,0,0,1.87,0,,,,,,,,,
1231,0,1511,0.290675,0,0,0,1.87,0,,,,,,,,,
1232,0,1512,0.284075,0,0,0,1.87,0,,,,,,,,,
1233,0,1513,0.2663375,0,0,0,1.87,0,,,,,,,,,
1234,0,1514,0.2553375,0,0,0,1.87,0,,,,,,,,,
1235,0,1515,0.2847625,0,0,0,1.87,0,,,,,,,,,
1236,0,1516,0.281875,0,0,0,1.87,0,,,,,,,,,
1237,0,1517,0.2751375,0,0,0,1.87,0,,,,,,,,,
1238,0,1518,0.2748625,0,0,0,1.87,0,,,,,,,,,
1239,0,1519,0.2721125,0,0,0,1.87,0,,,,,,,,,
1240,0,1520,0.289025,0,0,0,1.87,0,,,,,,,,,
1241,0,1521,0.2985125,0,0,0,1.87,0,,,,,,,,,
1242,0,1522,0.2930125,0,0,0,1.87,0,,,,,,,,,
1243,0,1523,0.30415,0,0,0,1.87,0,,,,,,,,,
1244,0,1524,0.3007125,0,0,0,1.87,0,,,,,,,,,
1245,0,1525,0.287375,0,0,0,1.87,0,,,,,,,,,
1246,0,1526,0.2916375,0,0,0,1.87,0,,,,,,,,,
1247,0,1527,0.2904,0,0,0,1.87,0,,,,,,,,,
1248,0,1528,0.3034625,0,0,0,1.87,0,,,,,,,,,
1249,0,1529,0.297825,0,0,0,1.87,0,,,,,,,,,
1250,0,1530,0.2847625,0,0,0,1.87,0,,,,,,,,,
1251,0,1531,0.2952125,0,0,0,1.87,0,,,,,,,,,
1252,0,1532,0.3042875,0,0,0,1.87,0,,,,,,,,,
1253,0,1533,0.302775,0,0,0,1.87,0,,,,,,,,,
1254,0,1534,0.295625,0,0,0,1.87,0,,,,,,,,,
1255,0,1535,0.293975,0,0,0,1.87,0,,,,,,,,,
1256,0,1536,0.3001625,0,0,0,1.87,0,,,,,,,,,
1257,0,1537,0.3001625,0,0,0,1.87,0,,,,,,,,,
1258,0,1538,0.2985125,0,0,0,1.87,0,,,,,,,,,
1259,0,1539,0.2979625,0,0,0,1.87,0,,,,,,,,,
1260,0,1540,0.29205,0,0,0,1.87,0,,,,,,,,,
1261,0,1541,0.2943875,0,0,0,1.87,0,,,,,,,,,
1262,0,1542,0.2960375,0,0,0,1.87,0,,,,,,,,,
1263,0,1543,0.297825,0,0,0,1.87,0,,,,,,,,,
1264,0,1544,0.2987875,0,0,0,1.87,0,,,,,,,,,
1265,0,1545,0.3026375,0,0,0,1.87,0,,,,,,,,,
1266,0,1546,0.3014,0,0,0,1.87,0,,,,,,,,,
1267,0,1547,0.29865,0,0,0,1.87,0,,,,,,,,,
1268,0,1548,0.2943875,0,0,0,1.87,0,,,,,,,,,
1269,0,1549,0.2987875,0,0,0,1.87,0,,,,,,,,,
1270,0,1550,0.2965875,0,0,0,1.87,0,,,,,,,,,
1271,0,1551,0.297,0,0,0,1.87,0,,,,,,,,,
1272,0,1552,0.2979625,0,0,0,1.87,0,,,,,,,,,
1273,0,1553,0.2971375,0,0,0,1.87,0,,,,,,,,,
1274,0,1554,0.291775,0,0,0,1.87,0,,,,,,,,,
1275,0,1555,0.2926,0,0,0,1.87,0,,,,,,,,,
1276,0,1556,0.2899875,0,0,0,1.87,0,,,,,,,,,
1277,0,1557,0.295625,0,0,0,1.87,0,,,,,,,,,
1278,0,1558,0.2949375,0,0,0,1.87,0,,,,,,,,,
1279,0,1559,0.2935625,0,0,0,1.87,0,,,,,,,,,
1280,0,1560,0.292325,0,0,0,1.87,0,,,,,,,,,
1281,0,1561,0.295075,0,0,0,1.87,0,,,,,,,,,
1282,0,1562,0.2938375,0,0,0,1.87,0,,,,,,,,,
1283,0,1563,0.2921875,0,0,0,1.87,0,,,,,,,,,
1284,0,1564,0.2894375,0,0,0,1.87,0,,,,,,,,,
1285,0,1565,0.292325,0,0,0,1.87,0,,,,,,,,,
1286,0,1566,0.2888875,0,0,0,1.87,0,,,,,,,,,
1287,0,1567,0.2875125,0,0,0,1.87,0,,,,,,,,,
1288,0,1568,0.282975,0,0,0,1.87,0,,,,,,,,,
1289,0,1569,0.278025,0,0,0,1.87,0,,,,,,,,,
1290,0,1570,0.265925,0,0,0,1.87,0,,,,,,,,,
1291,0,1571,0.258775,0,0,0,1.87,0,,,,,,,,,
1292,0,1572,0.2597375,0,0,0,1.87,0,,,,,,,,,
1293,0,1573,0.25795,0,0,0,1.87,0,,,,,,,,,
1294,0,1574,0.263725,0,0,0,1.87,0,,,,,,,,,
1295,0,1575,0.2641375,0,0,0,1.87,0,,,,,,,,,
1296,0,1576,0.265375,0,0,0,1.87,0,,,,,,,,,
1297,0,1577,0.2435125,0,0,0,1.87,0,,,,,,,,,
1298,0,1578,0.2558875,0,0,0,1.87,0,,,,,,,,,
1299,0,1579,0.2605625,0,0,0,1.87,0,,,,,,,,,
1300,0,1580,0.26785,0,0,0,1.87,0,,,,,,,,,
1301,0,1581,0.2712875,0,0,0,1.87,0,,,,,,,,,
1302,0,1582,0.2668875,0,0,0,1.87,0,,,,,,,,,
1303,0,1583,0.2710125,0,0,0,1.87,0,,,,,,,,,
1304,0,1584,0.2740375,0,0,0,1.87,0,,,,,,,,,
1305,0,1585,0.2820125,0,0,0,1.87,0,,,,,,,,,
1306,0,1586,0.2805,0,0,0,1.87,0,,,,,,,,,
1307,0,1587,0.2773375,0,0,0,1.87,0,,,,,,,,,
1308,0,1588,0.2728,0,0,0,1.87,0,,,,,,,,,
1309,0,1589,0.2589125,0,0,0,1.87,0,,,,,,,,,
1310,0,1590,0.2638625,0,0,0,1.87,0,,,,,,,,,
1311,0,1591,0.2666125,0,0,0,1.87,0,,,,,,,,,
1312,0,1592,0.2765125,0,0,0,1.87,0,,,,,,,,,
1313,0,1593,0.2827,0,0,0,1.87,0,,,,,,,,,
1314,0,1594,0.28215,0,0,0,1.87,0,,,,,,,,,
1315,0,1595,0.2816,0,0,0,1.87,0,,,,,,,,,
1316,0,1596,0.2706,0,0,0,1.87,0,,,,,,,,,
1317,0,1597,0.271425,0,0,0,1.87,0,,,,,,,,,
1318,0,1598,0.2765125,0,0,0,1.87,0,,,,,,,,,
1319,0,1599,0.2663375,0,0,0,1.87,0,,,,,,,,,
1320,0,1600,0.259325,0,0,0,1.87,0,,,,,,,,,