,QE_smooth,wl,I_sun,Jsc_wl,v,i,Eg,SE
0,,280,4.72e-23,0.0,1.27,-9.375530247,2.7,0.0
1,,281,4.21425e-20,0.0,1.24969,-0.392100328,2.7,0.0
2,,282,1.7665e-18,0.0,1.22938,-3.000634025,2.7,0.0
3,,283,1.91575e-17,0.0,1.20906,-0.831518981,2.7,0.0
4,,284,9.91325e-16,0.0,1.18875,1.656711444,2.7,0.0
5,,285,1.524e-14,0.0,1.16844,1.788794768,2.7,0.0
6,,286,2.87625e-13,0.0,1.14813,3.789165313,2.7,0.0
7,,287,4.299e-12,0.0,1.12781,10.55259534,2.7,0.0
8,,288,7.6575e-11,0.0,1.1075,4.50724449,2.7,0.0
9,,289,8.4075e-10,0.0,1.08719,0.211830168,2.7,0.0
10,,290,6.9425e-09,0.0,1.06688,4.152263324,2.7,0.0
11,,291,4.8175e-08,0.0,1.04656,14.55609746,2.7,0.0
12,,292,2.6775e-07,0.0,1.02625,17.21354159,2.7,0.0
13,,293,1.1025e-06,0.0,1.00594,3.268837428,2.7,0.0
14,,294,4.2875e-06,0.0,0.985625,6.457827838,2.7,0.0
15,,295,1.47175e-05,0.0,0.965313,11.0856131,2.7,0.0
16,,296,4.86e-05,0.0,0.945,9.973758595,2.7,0.0
17,,297,0.000112525,0.0,0.924687,12.84527583,2.7,0.0
18,,298,0.00028025,0.0,0.904375,7.940488732,2.7,0.0
19,,299,0.00054925,0.0,0.884062,5.411788892,2.7,0.0
20,,300,0.0010145,0.0,0.86375,5.185762181,2.7,0.0
21,0.2397478707611616,301,0.001925,0.00011204160511783943,0.843438,14.52177217,2.7,0.10111194101714059
22,0.43879915102612277,302,0.0032,0.0003420188430786252,0.823125,4.454806859,2.7,0.18567520611151808
23,0.637850431291084,303,0.006875,0.0010716710976479721,0.802812,10.11025487,2.7,0.27079626819281305
24,0.8369017115560452,304,0.009925,0.0020366007002681923,0.7825,6.181181512,2.7,0.3564751272610256
25,1.0359529918210064,305,0.01585,0.004039210517826863,0.762188,6.932544172,2.7,0.4427117833161558
26,1.2350042720859677,306,0.019175,0.005844570378968206,0.741875,15.45462018,2.7,0.5295062363582035
27,1.434055552350929,307,0.028025,0.009951242411543453,0.721562,6.341764733,2.7,0.6168584863871689
28,1.6331068326158904,308,0.03805,0.015436445612548573,0.70125,10.84151133,2.7,0.7047685334030519
29,1.8321581128808513,309,0.041325,0.01886955356672044,0.680937,6.129384876,2.7,0.7932363774058521
30,2.0312093931458124,310,0.052525,0.02667532901950208,0.660625,14.32937708,2.7,0.8822620183955702
31,2.209307935652194,311,0.078625,0.0435717129323798,0.640312,10.15451844,2.7,0.962715212884527
32,2.3873434308032335,312,0.092175,0.05537451976319903,0.62,0.908098028,2.7,1.043639927480183
33,2.5653789259542736,313,0.104925,0.06795198877205408,0.599688,16.41601028,2.7,1.125063546994347
34,2.7434144211053133,314,0.11875,0.08250533219960718,0.579375,16.59453133,2.7,1.2069860714270202
35,2.9214499162563525,315,0.13,0.09648941762697077,0.559063,10.68422251,2.7,1.2894075007782013
36,3.099485411407392,316,0.1285,0.1015096056310415,0.53875,17.41742938,2.7,1.3723278350478914
37,3.2775209065584323,317,0.1685,0.1411991140444369,0.518437,16.83891102,2.7,1.4557470742360903
38,3.4555564017094715,318,0.17925,0.15886623525352764,0.498125,17.72437111,2.7,1.5396652183427972
39,3.633591896860511,319,0.197,0.18417063744528003,0.477812,11.45018449,2.7,1.624082267368013
40,3.8103041684716725,320,0.2125,0.2089757498493068,0.4575,0.365028927,2.7,1.7084049349163286
41,3.7678024069752643,321,0.24575,0.2397253778412184,0.437187,0.157746581,2.7,1.694627870525607
42,3.725300645478855,322,0.22425,0.21695865744493395,0.416875,0.596435028,2.7,1.680731704391506
43,3.6827988839824464,323,0.22225,0.21323064888629337,0.396563,10.73147838,2.7,1.6667164365140261
44,3.640297122486038,324,0.27,0.25684607913769675,0.37625,18.52793876,2.7,1.6525820668931674
45,3.597795360989629,325,0.29025,0.2737280985135948,0.355938,16.50430994,2.7,1.6383285955289295
46,3.55529359949322,326,0.37225,0.3479806629470742,0.335625,15.34715826,2.7,1.6239560224213128
47,3.5127918379968115,327,0.396,0.3668788594636474,0.315312,9.799159473,2.7,1.6094643475703168
48,3.4702900765004028,328,0.36375,0.3339411648502263,0.295,3.373358496,2.7,1.5948535709759417
49,3.427788315003994,329,0.42,0.382020365713424,0.274687,4.902880014,2.7,1.5801236926381879
50,3.424306581861135,330,0.4585,0.41788160508130134,0.254375,1.651796228,2.7,1.583316630929308
51,5.677100605868205,331,0.412,0.624423348767208,0.234063,7.414384312,2.7,2.6329085658302183
52,7.929894629875274,332,0.43125,0.9157184026637643,0.21375,4.780772773,2.7,3.6888134554484466
53,10.182688653882343,333,0.425,1.1623126439616769,0.193437,12.3795233,2.7,4.751031299783996
54,12.435482677889413,334,0.4195,1.4052979493919042,0.173125,16.63953921,2.7,5.819562098836863
55,14.688276701896482,335,0.4555,1.8077208507297158,0.152813,16.90633492,2.7,6.894405852607049
56,16.94107072590355,336,0.41525,1.9064135131973021,0.1325,17.02109249,2.7,7.975562561094552
57,19.19386474991062,337,0.3815,1.9902801291305139,0.112187,18.80979573,2.7,9.063032224299377
58,21.446658773917694,338,0.42975,2.5125780493935466,0.091875,16.05438518,2.7,10.15681484222152
59,23.69945279792476,339,0.46275,2.9985533343554165,0.0715625,17.28375951,2.7,11.256910414860979
60,25.942692738101663,340,0.493,3.507262097953646,0.05125,10.18921653,2.7,12.358767498699077
61,27.89692164241574,341,0.47675,3.6578736241533756,0.0309375,0.554188215,2.7,13.328824653009736
62,29.851150546729823,342,0.4875,4.014108752646753,0.010625,12.7609239,2.7,14.304358099626198
63,31.8053794510439,343,0.50425,4.436780483421162,-0.0096875,8.449464079,2.7,15.285367838548447
64,33.75960835535798,344,0.43025,4.029990802685264,-0.03,3.0273715,2.7,16.271853869776496
65,35.71383725967206,345,0.4515,4.486841196035703,,,2.7,17.26381619331034
66,37.66806616398614,346,0.48125,5.058799879868255,,,2.7,18.261254809149975
67,39.62229506830022,347,0.4865,5.394848844664658,,,2.7,19.264169717295406
68,41.57652397261431,348,0.47625,5.557631448761847,,,2.7,20.27256091774664
69,43.53075287692839,349,0.47175,5.780439338519313,,,2.7,21.286428410503664
70,45.48498178124247,350,0.52375,6.724924905224794,,,2.7,22.305772195566476
71,44.44867011501213,351,0.54875,6.905064743660008,,,2.7,21.85984514795636
72,43.32621118954794,352,0.51225,6.300901297744394,,,2.7,21.368526161745756
73,42.20375226408376,353,0.52425,6.2992891423387,,,2.7,20.87406173378903
74,41.081293338619574,354,0.59675,6.999501825923738,,,2.7,20.3764518640862
75,39.95883441315539,355,0.60475,6.919016643194607,,,2.7,19.875696552637258
76,38.8363754876912,356,0.55275,6.163746576089139,,,2.7,19.371795799442193
77,37.713916562227006,357,0.47225,5.128249570089901,,,2.7,18.86474960450102
78,36.59145763676282,358,0.42925,4.535241043202611,,,2.7,18.35455796781374
79,35.46899871129864,359,0.4745,4.873117998002874,,,2.7,17.841220889380335
80,34.34653978583445,360,0.58,5.78416694113355,,,2.7,17.32473836920083
81,33.196786330343365,361,0.5275,5.098624666406866,,,2.7,16.791304529768937
82,32.046840466282106,362,0.53925,5.045582089698134,,,2.7,16.254551169744467
83,30.89689460222084,363,0.59175,5.35287444288497,,,2.7,15.714575341935621
84,29.746948738159578,364,0.59825,5.224609667107132,,,2.7,15.171377046342403
85,28.59700287409832,365,0.63175,5.318460863060344,,,2.7,14.62495628296482
86,27.447057010037053,366,0.721,5.841702933944763,,,2.7,14.075313051802867
87,26.297111145975787,367,0.72075,5.610300077374379,,,2.7,13.522447352856537
88,25.147165281914525,368,0.675,5.038113665224065,,,2.7,12.96635918612584
89,23.997219417853266,369,0.6965,4.974343170049607,,,2.7,12.407048551610767
90,22.919370378052438,370,0.7325,5.010018962646211,,,2.7,11.88189198558768
91,26.01041417637076,371,0.69525,5.411149197381249,,,2.7,13.52079942975603
92,29.101457974689083,372,0.67625,5.904624704278846,,,2.7,15.168368837388458
93,32.19250177300741,373,0.60775,5.885940414772751,,,2.7,16.824600208484956
94,35.28354557132573,374,0.55425,5.898979102825067,,,2.7,18.48949354304553
95,38.37458936964405,375,0.59425,6.897179569961499,,,2.7,20.16304884107018
96,41.46563316796237,376,0.6645,8.356000652100883,,,2.7,21.845266102558902
97,44.5566769662807,377,0.7185,9.73437897628837,,,2.7,23.536145327511694
98,47.647720764599015,378,0.833,12.100582190436638,,,2.7,25.23568651592856
99,50.73876456291734,379,0.74525,11.55868468962727,,,2.7,26.943889667809508
100,53.82980836123566,380,0.703,11.598159821964646,,,2.7,28.660754783154523
101,51.26457564049876,381,0.73975,11.653453562322781,,,2.7,27.36676957294442
102,48.51235857202462,382,0.5905,8.825980999979818,,,2.7,25.96551528887682
103,45.76014150355046,383,0.46325,6.548304925645874,,,2.7,24.55654852797363
104,43.007924435076305,384,0.51675,6.883154649685993,,,2.7,23.139869290234852
105,40.25570736660216,385,0.6495,8.118853053316995,,,2.7,21.715477575660486
106,37.50349029812801,386,0.631,7.367424351672344,,,2.7,20.283373384250535
107,34.751273229653854,387,0.646,7.007151990013274,,,2.7,18.843556716004983
108,31.9990561611797,388,0.6345,6.353716813606193,,,2.7,17.39602757092385
109,29.24683909270555,389,0.6885,6.317711871057805,,,2.7,15.940785949007124
110,26.494622024231393,390,0.78725,6.560883681873024,,,2.7,14.477831850254809
111,26.607976233455762,391,0.84,7.048475931530714,,,2.7,14.577055068258547
112,26.724198882397477,392,0.777,6.565066273977244,,,2.7,14.678171416585442
113,26.84042153133919,393,0.49925,4.247440362922079,,,2.7,14.779613453063176
114,26.956644180280904,394,0.5125,4.3901893446145275,,,2.7,14.881381177691747
115,27.072866829222615,395,0.7875,6.792180814757245,,,2.7,14.983474590471152
116,27.189089478164327,396,0.72875,6.328426658427434,,,2.7,15.08589369140139
117,27.305312127106042,397,0.50675,4.430561232827836,,,2.7,15.188638480482473
118,27.421534776047753,398,0.832,7.32361474719754,,,2.7,15.29170895771439
119,27.537757424989465,399,1.06,9.393656271411098,,,2.7,15.395105123097144
120,27.584152348315534,400,1.11375,9.911392725898192,,,2.7,15.459691639344916
121,25.584383311935753,401,1.15875,9.588185036255863,,,2.7,14.374757232716123
122,23.584614275555975,402,1.19,9.099742979772175,,,2.7,13.284218917679711
123,21.58484523917619,403,1.1675,8.191024184559389,,,2.7,12.188076694235681
124,19.585076202796408,404,1.17375,7.4904786368309635,,,2.7,11.086330562384035
125,17.585307166416623,405,1.15,6.605872024917934,,,2.7,9.978980522124768
126,15.585538130036841,406,1.12125,5.722392268862864,,,2.7,8.866026573457889
127,13.585769093657062,407,1.10875,4.944696095473096,,,2.7,7.74746871638339
128,11.586000057277278,408,1.15375,4.398785017059312,,,2.7,6.623306950901279
129,9.586231020897495,409,1.1975,3.7868147033833788,,,2.7,5.4935412770115475
130,7.586461984517714,410,1.0875,2.728222221507423,,,2.7,4.3581716947142
131,13.094795069568848,411,1.16375,5.051583729247819,,,2.7,7.540874641003406
132,18.640857311009047,412,1.225,7.587985992580472,,,2.7,10.760793347959858
133,24.18691955244925,413,1.195,9.627773191476422,,,2.7,13.996253662101223
134,29.732981793889444,414,1.18625,11.777208538708264,,,2.7,17.247255583427503
135,35.27904403532965,415,1.22,14.406287232930248,,,2.7,20.5137991119387
136,40.825106276769844,416,1.25125,17.139260463839555,,,2.7,23.795884247634813
137,46.37116851821004,417,1.22625,19.124515826030496,,,2.7,27.093510990515846
138,51.91723075965025,418,1.18375,20.71930229465964,,,2.7,30.406679340581803
139,57.46329300109045,419,1.20125,23.327342584415643,,,2.7,33.735389297832654
140,62.59178455559067,420,1.15125,24.409765159144825,,,2.7,36.83390955702419
141,56.852152555403016,421,1.24875,24.106371408749318,,,2.7,33.53591820057654
142,51.11252055521536,422,1.2475,21.702393673021007,,,2.7,30.22184280070321
143,45.37288855502771,423,1.215,18.807904348956622,,,2.7,26.891683357404187
144,39.63325655484005,424,1.215,16.46755894959325,,,2.7,23.545439870679473
145,33.89362455465239,425,1.24,14.406416396874627,,,2.7,20.18311234052907
146,28.153992554464736,426,1.21,11.704754107832928,,,2.7,16.804700766952987
147,22.414360554277085,427,1.17625,9.07990278642211,,,2.7,13.410205149951215
148,16.67472855408943,428,1.1675,6.720270660912674,,,2.7,9.999625489523755
149,10.935096553901776,429,1.074,4.063605405085934,,,2.7,6.572961785670605
150,5.255381222159458,430,0.88925,1.6207793249199631,,,2.7,3.166313215811273
151,9.501860629574702,431,0.868,2.8670349360517213,,,2.7,5.7380868758597074
152,13.74834003698995,432,1.24275,5.953126584489184,,,2.7,8.321760350947319
153,17.994819444405195,433,1.22875,7.721937003530432,,,2.7,10.917333641074098
154,22.24129885182044,434,1.15625,9.001791604408902,,,2.7,13.524806746240053
155,26.487778259235682,435,1.24125,11.535100541023285,,,2.7,16.144179666445183
156,30.734257666650933,436,1.34875,14.576995126324432,,,2.7,18.77545240168949
157,34.98073707406618,437,1.365,16.829467635918228,,,2.7,21.418624951972962
158,39.22721648148142,438,1.235,17.114172061418163,,,2.7,24.07369731729561
159,43.47369588889667,439,1.19875,18.452152580759925,,,2.7,26.740669497657436
160,47.720175296311915,440,1.325,22.43871170727597,,,2.7,29.419541493058432
161,51.190580562926414,441,1.34375,24.466646960662963,,,2.7,31.63077533920343
162,54.6451475817695,442,1.41125,27.49192567852765,,,2.7,33.84192554438691
163,58.099714600612565,443,1.4325,29.73717369540757,,,2.7,36.0627564060909
164,61.554281619455644,444,1.4125,31.13558481666563,,,2.7,38.293267924315415
165,65.00884863829872,445,1.43375,33.45285976373115,,,2.7,40.533460099060456
166,68.4634156571418,446,1.35125,33.277942097885905,,,2.7,42.78333293032601
167,71.91798267598486,447,1.46875,38.08204248564067,,,2.7,45.042886418112104
168,75.37254969482794,448,1.49875,40.81762680096894,,,2.7,47.31212056241871
169,78.82711671367102,449,1.5075,43.03349677534664,,,2.7,49.59103536324586
170,82.03921007685554,450,1.55875,46.41280156006162,,,2.7,51.72674814769902
171,78.14609056059471,451,1.595,45.3389877009849,,,2.7,49.38158112327878
172,74.25297104433389,452,1.535,41.551622225363836,,,2.7,47.0255044964034
173,70.35985152807307,453,1.45625,37.43573707519512,,,2.7,44.658518267072836
174,66.46673201181224,454,1.51625,36.9027156338601,,,2.7,42.28062243528715
175,62.57361249555142,455,1.5275,35.07609015088508,,,2.7,39.891817001046284
176,58.68049297929059,456,1.565,33.77538218301903,,,2.7,37.49210196435026
177,54.78737346302977,457,1.575,31.805671748940572,,,2.7,35.081477325199096
178,50.89425394676895,458,1.55125,29.16374946126306,,,2.7,32.659943083592786
179,47.00113443050812,459,1.53125,26.64369547434273,,,2.7,30.2274992395313
180,43.11333238917413,460,1.52875,24.45306080543701,,,2.7,27.787573032680232
181,39.57471120136886,461,1.57375,23.156971248862682,,,2.7,25.562296780001205
182,36.03609001356358,462,1.59,21.350305643516975,,,2.7,23.327104327668625
183,32.497468825758304,463,1.5925,19.325792023221474,,,2.7,21.081995675682517
184,28.95884763795303,464,1.55375,16.838667906342987,,,2.7,18.82697082404286
185,25.420226450147755,465,1.53625,14.646086592722076,,,2.7,16.562029772749664
186,21.881605262342482,466,1.5475,12.72691335049704,,,2.7,14.287172521802926
187,18.342984074537206,467,1.5075,10.41529377121712,,,2.7,12.002399071202644
188,14.804362886731932,468,1.55125,8.668514965585498,,,2.7,9.707709420948825
189,11.265741698926659,469,1.5525,6.615940255947609,,,2.7,7.40310357104146
190,7.733953417241555,470,1.51125,4.430605246219381,,,2.7,5.093081231271681
191,11.028238349766855,471,1.53625,6.436003631878567,,,2.7,7.277936197759889
192,14.322523282292153,472,1.5925,8.682970193865117,,,2.7,9.472022665833837
193,17.616808214817453,473,1.55875,10.475919857053496,,,2.7,11.675340635493539
194,20.91109314734275,474,1.565,12.511136252560515,,,2.7,13.887890106738976
195,24.20537807986805,475,1.5975,14.814045721103513,,,2.7,16.109671079570166
196,27.49966301239335,476,1.5675,16.548902901859343,,,2.7,18.340683553987095
197,30.793947944918646,477,1.575,18.659140812105868,,,2.7,20.580927529989776
198,34.08823287744395,478,1.61,21.158535012206976,,,2.7,22.830403007578198
199,37.382517809969244,479,1.59625,23.0532577641355,,,2.7,25.089109986752366
200,40.67680274249455,480,1.6075,25.31432561315438,,,2.7,27.357048467512282
201,38.305613504642025,481,1.61125,23.944058385674595,,,2.7,25.815984513325496
202,35.88297192820879,482,1.61625,22.546094093711996,,,2.7,24.23352754511744
203,33.46033035177555,483,1.59875,20.83940170621182,,,2.7,22.64428166216381
204,31.03768877534232,484,1.5725,19.05253304059542,,,2.7,21.048246864464616
205,28.61504719890909,485,1.525,17.069994553741324,,,2.7,19.445423152019846
206,26.192405622475857,486,1.325,13.603631808017079,,,2.7,17.835810524829512
207,23.76976404604262,487,1.41625,13.222728734199805,,,2.7,16.219408982893597
208,21.34712246960939,488,1.51375,12.718639375267218,,,2.7,14.596218526212116
209,18.924480893176153,489,1.4825,11.065087951287348,,,2.7,12.966239154785063
210,16.50183931674292,490,1.59125,10.377534463047816,,,2.7,11.329470868612436
211,24.065162404090447,491,1.5575,14.84313638660579,,,2.7,16.55584996705459
212,31.780556019312673,492,1.50375,18.963983464373477,,,2.7,21.908254989211947
213,39.4959496345349,493,1.57125,24.67584900352906,,,2.7,27.282280687738357
214,47.21134324975712,494,1.56625,29.461965979625194,,,2.7,32.677927062633806
215,54.92673686497935,495,1.61875,35.49736472895721,,,2.7,38.095194113898316
216,62.642130480201565,496,1.57375,39.43767221804162,,,2.7,43.534081841531865
217,70.35752409542378,497,1.58125,44.595887274441985,,,2.7,48.99459024553448
218,78.07291771064601,498,1.555,48.762670264938095,,,2.7,54.47671932590614
219,85.78831132586825,499,1.54875,53.47334079132872,,,2.7,59.980469082646856
220,93.50370494109045,500,1.535,57.880801625896495,,,2.7,65.5058395157566
221,88.53161977731098,501,1.49625,53.52635044047439,,,2.7,62.14659362447668
222,83.3663242767956,502,1.49875,50.588394924548815,,,2.7,58.63751588009248
223,78.20102877628021,503,1.5375,48.7778787322675,,,2.7,55.113963542714494
224,73.03573327576484,504,1.4775,43.86526461861238,,,2.7,51.57593661234272
225,67.87043777524946,505,1.55375,42.95171447083902,,,2.7,48.023435088977195
226,62.70514227473408,506,1.60375,41.040975739593456,,,2.7,44.45645897261784
227,57.53984677421871,507,1.55375,36.558227887365504,,,2.7,40.875008263264746
228,52.37455127370333,508,1.52375,32.6982928945166,,,2.7,37.27908296091786
229,47.20925577318795,509,1.56625,30.35521785563555,,,2.7,33.66868306557719
230,42.04396027267258,510,1.54875,26.78443232090593,,,2.7,30.04380857724273
231,47.20782824782581,511,1.57125,30.570852249060167,,,2.7,33.79995443329852
232,52.49715164980902,512,1.59375,34.55041218519405,,,2.7,37.6605704876556
233,57.78647505179223,513,1.52625,36.49190866912576,,,2.7,41.53600869564329
234,63.075798453775434,514,1.49125,38.99452784352396,,,2.7,45.426269057261614
235,68.36512185575864,515,1.525,43.30509529611259,,,2.7,49.33135157251054
236,73.65444525774186,516,1.50375,46.09476853889593,,,2.7,53.251256241390095
237,78.94376865972507,517,1.3175,43.36969378506763,,,2.7,57.18598306390027
238,84.23309206170828,518,1.41125,49.66423973002402,,,2.7,61.13553204004107
239,89.52241546369149,519,1.4125,52.931589978335666,,,2.7,65.09990316981248
240,94.8117388656747,520,1.505,59.84519534587992,,,2.7,69.07909645321452
241,86.02109228762168,521,1.5325,55.394990604934996,,,2.7,62.79482714026676
242,77.18807869859505,522,1.545,50.208419601786616,,,2.7,56.45493699419636
243,68.35506510956841,523,1.49625,43.14235888839255,,,2.7,50.09029429009767
244,59.52205152054177,524,1.5725,39.55734783973015,,,2.7,43.700899027970706
245,50.68903793151513,525,1.5675,33.64404731413529,,,2.7,37.28675120781547
246,41.85602434248849,526,1.51125,26.835356342084932,,,2.7,30.847850829631955
247,33.02301075346185,527,1.3875,19.475454725141162,,,2.7,24.38419789342017
248,24.189997164435205,528,1.515,15.606650562518489,,,2.7,17.8957923991801
249,15.356983575408563,529,1.58375,10.377089283698226,,,2.7,11.38263434691176
250,6.686790057300187,530,1.5575,4.451936351065783,,,2.7,4.96563451088628
251,14.135783560114286,531,1.6075,9.731789874232831,,,2.7,10.51709025685784
252,21.584777062928385,532,1.58,14.633345289318099,,,2.7,16.089420152073288
253,29.033770565742483,533,1.45625,18.175816171673958,,,2.7,21.68262419653263
254,36.482764068556584,534,1.51875,23.863965708943663,,,2.7,27.296702390235858
255,43.93175757137069,535,1.55625,29.501157657911495,,,2.7,32.93165473318299
256,51.38075107418478,536,1.595,35.428540295654564,,,2.7,38.587481225373985
257,58.829744576998884,537,1.51625,38.63397514302042,,,2.7,44.26418186680889
258,66.27873807981298,538,1.555,44.721280868093544,,,2.7,49.96175665748768
259,73.72773158262707,539,1.52875,48.998573985983775,,,2.7,55.68020559741037
260,80.73479805988214,540,1.47875,51.99679969585975,,,2.7,61.085160065582095
261,72.94492861238294,541,1.44375,45.95277043911908,,,2.7,55.2934338909503
262,65.15505916488375,542,1.53,43.577889621461864,,,2.7,49.479878337976835
263,57.36518971738454,543,1.53,38.43855280461248,,,2.7,43.644493406661695
264,49.575320269885346,544,1.56,33.93253926235685,,,2.7,37.78727909700492
265,41.78545082238615,545,1.54125,28.30883634069261,,,2.7,31.908235409006473
266,33.995581374886946,546,1.525,22.830335450960764,,,2.7,26.007362342666354
267,26.205711927387746,547,1.5325,17.717853476480542,,,2.7,20.084659897984572
268,18.41584247988855,548,1.51125,12.300869117591903,,,2.7,14.140128074961135
269,10.625973032389346,549,1.5425,7.2576088849117575,,,2.7,8.17376687359603
270,2.836103584890151,550,1.54,1.9374603918114124,,,2.7,2.185576293889265
271,4.689478843093122,551,1.53625,3.201587747694735,,,2.7,3.6204068070811344
272,6.779983069469111,552,1.55875,4.705128483643015,,,2.7,5.2438333368222585
273,8.8704872958451,553,1.53,6.05328851587744,,,2.7,6.873118040181049
274,10.960991522221091,554,1.5475,7.579099313796173,,,2.7,8.508260917157509
275,13.05149574859708,555,1.555,9.08470849364455,,,2.7,10.149261967751633
276,15.141999974973071,556,1.52875,10.380585178710849,,,2.7,11.796121191963424
277,17.232504201349055,557,1.5,11.61240518346358,,,2.7,13.448838589792878
278,19.323008427725046,558,1.51375,13.164077549576168,,,2.7,15.107414161240003
279,21.413512654101037,559,1.455,14.047209169415945,,,2.7,16.771847906304796
280,23.525723664621175,560,1.4775,15.699500742199499,,,2.7,18.459171788092664
281,31.042923927009284,561,1.53875,21.613290038558855,,,2.7,24.400946625903064
282,38.560124189397385,562,1.4975,26.17392805126292,,,2.7,30.363786747246603
283,46.077324451785486,563,1.52875,31.985964563651084,,,2.7,36.347692152123294
284,53.59452471417359,564,1.515,36.93511830046962,,,2.7,42.352662840533114
285,61.11172497656169,565,1.5075,41.981470322056396,,,2.7,48.37869881247607
286,68.62892523894979,566,1.45375,45.544998309450584,,,2.7,54.42580006795218
287,76.14612550133789,567,1.515,52.75587562240405,,,2.7,60.49396660696142
288,83.663325763726,568,1.50875,57.826655786937735,,,2.7,66.58319842950381
289,91.18052602611408,569,1.48375,62.087250157144744,,,2.7,72.69349553557933
290,98.12880636684581,570,1.47375,66.4848240269512,,,2.7,78.37049049767211
291,90.67442974354405,571,1.44625,60.39370132260622,,,2.7,72.54410620988418
292,83.2200531202423,572,1.50125,57.637398648784654,,,2.7,66.69683268785325
293,75.76567649694053,573,1.5175,53.13530290879934,,,2.7,60.828669931579284
294,68.31129987363877,574,1.50625,47.63529240682324,,,2.7,54.93961794106232
295,60.856923250337005,575,1.47375,41.59383727065602,,,2.7,49.02967671630234
296,53.402546627035235,576,1.46625,36.37640781658804,,,2.7,43.098846257299336
297,45.94817000373347,577,1.48875,31.83414136966084,,,2.7,37.14712656405334
298,38.49379338043171,578,1.45875,26.177414634275912,,,2.7,31.17451763656431
299,31.039416757129946,579,1.47125,21.325829139242902,,,2.7,25.181019474832258
300,23.594068649664994,580,1.49625,16.514382120602857,,,2.7,19.17396919765287
301,25.168207863381944,581,1.50375,17.735008401042734,,,2.7,20.48847421828823
302,26.7423470770989,582,1.5275,19.174809513144528,,,2.7,21.807390414321354
303,28.31648629081585,583,1.53875,20.488176953463302,,,2.7,23.130717785752253
304,29.8906255045328,584,1.53875,21.664229618466035,,,2.7,24.458456332580926
305,31.46476471824975,585,1.52625,22.658615264883395,,,2.7,25.79060605480737
306,33.0389039319667,586,1.49875,23.40344426902442,,,2.7,27.12716695243159
307,34.613043145683655,587,1.5125,24.785666509442596,,,2.7,28.46813902545359
308,36.18718235940061,588,1.46875,25.206195964912723,,,2.7,29.81352227387335
309,37.761321573117556,589,1.325,23.768714389618125,,,2.7,31.163316697690895
310,39.33546078683451,590,1.37125,25.667302435465192,,,2.7,32.51752229690621
311,41.29457361988166,591,1.445,28.44301614996897,,,2.7,34.19492536781944
312,43.26600243043059,592,1.43625,29.670567460431013,,,2.7,35.888034203161844
313,45.237431240979504,593,1.44625,31.291280451299684,,,2.7,37.58666752972573
314,47.208860051528426,594,1.44,32.568652054706945,,,2.7,39.29082534751108
315,49.18028886207735,595,1.43625,33.897324145646714,,,2.7,41.00050765651792
316,51.15171767262627,596,1.465,36.022300100162816,,,2.7,42.715714456746205
317,53.12314648317519,597,1.46875,37.56932002948209,,,2.7,44.43644574819598
318,55.094575293724105,598,1.46125,38.82950743497306,,,2.7,46.16270153086723
319,57.066004104273034,599,1.46125,40.286185072781876,,,2.7,47.894481804759955
320,58.977616433010425,600,1.46625,41.84791509103524,,,2.7,49.58149984987205
321,57.800809358743344,601,1.45,40.62596851534016,,,2.7,48.67316470542428
322,56.624002284476255,602,1.43625,39.48702634072771,,,2.7,47.76153182061868
323,55.447195210209166,603,1.46,39.3710578520607,,,2.7,46.84660119545522
324,54.27038813594207,604,1.48625,39.2933509838185,,,2.7,45.928372829933934
325,53.09358106167498,605,1.48875,38.56972136850742,,,2.7,45.00684672405481
326,51.9167739874079,606,1.4825,37.61857655029509,,,2.7,44.082022877817835
327,50.73996691314081,607,1.4875,36.95074328024335,,,2.7,43.15390129122302
328,49.56315983887372,608,1.48,35.97092573794013,,,2.7,42.222481964270386
329,48.38635276460663,609,1.47,34.93693874485389,,,2.7,41.287764896959885
330,47.20954569033954,610,1.46125,33.939974679424225,,,2.7,40.34975008929157
331,44.59285635462285,611,1.4625,32.13880393894421,,,2.7,38.17576027997161
332,41.974725695321155,612,1.475,30.560372450537603,,,2.7,35.99320184950802
333,39.35659503601946,613,1.45625,28.336177522402984,,,2.7,33.8033066895787
334,36.73846437671777,614,1.42375,25.903022409584885,,,2.7,31.606074800183617
335,34.12033371741608,615,1.4575,24.667451504295702,,,2.7,29.401506181322787
336,31.502203058114386,616,1.4325,22.42041272649493,,,2.7,27.189600832996216
337,28.88407239881269,617,1.41875,20.392797050167463,,,2.7,24.970358755203886
338,26.265941739511,618,1.455,19.048982319465402,,,2.7,22.74377994794581
339,23.64781108020931,619,1.46875,17.340308092884914,,,2.7,20.509864411221987
340,21.029680420907614,620,1.47125,15.471704853151273,,,2.7,18.268612145032414
341,23.70211184606541,621,1.47125,17.465959663775898,,,2.7,20.623379638302286
342,26.46056867097031,622,1.42625,18.932699825157712,,,2.7,23.06060788542711
343,29.21902549587521,623,1.41125,20.719776318595954,,,2.7,25.505566094918546
344,31.97748232078011,624,1.40875,22.672014983221818,,,2.7,27.958254266776592
345,34.73593914568501,625,1.40125,24.53590163544408,,,2.7,30.41867240100125
346,37.494395970589906,626,1.405,26.597716503229265,,,2.7,32.886820497592524
347,40.2528527954948,627,1.425,29.007239711721954,,,2.7,35.362698556550406
348,43.01130962039971,628,1.37625,29.9824401666038,,,2.7,37.8463065778749
349,45.769766445304604,629,1.40125,32.53660995196858,,,2.7,40.337644561566
350,48.52822327020951,630,1.395,34.398260556978606,,,2.7,42.83671250762373
351,53.4110218616115,631,1.40125,38.08931878453042,,,2.7,47.22168059274435
352,58.34829075471849,632,1.3775,40.969829622806664,,,2.7,51.668566166155145
353,63.28555964782549,633,1.435,46.36471235480813,,,2.7,56.12928733865636
354,68.22282854093248,634,1.42625,49.755600307269425,,,2.7,60.60384411024796
355,73.16009743403947,635,1.43375,53.72157850285889,,,2.7,65.09223648092997
356,78.09736632714646,636,1.42,56.88649580414654,,,2.7,69.59446445070235
357,83.03463522025345,637,1.455,62.071042771342306,,,2.7,74.11052801956517
358,87.97190411336044,638,1.4675,66.43089667140357,,,2.7,78.64042718751836
359,92.90917300646746,639,1.4575,69.79034571511599,,,2.7,83.18416195456199
360,97.84644189957444,640,1.43375,72.41453997703779,,,2.7,87.74173232069599
361,96.76549578129051,641,1.43,71.53884542595766,,,2.7,86.9079985969913
362,95.51118544457135,642,1.4325,70.8453300273534,,,2.7,85.91528924216905
363,94.25687510785217,643,1.44625,70.69597950563677,,,2.7,84.91906496131593
364,93.002564771133,644,1.4425,69.68253607527791,,,2.7,83.91932575443194
365,91.74825443441381,645,1.44375,68.90914412101175,,,2.7,82.91607162151706
366,90.49394409769465,646,1.41375,66.65795511717384,,,2.7,81.90930256257133
367,89.23963376097547,647,1.4,65.1954713141696,,,2.7,80.89901857759472
368,87.9853234242563,648,1.38625,63.74617541717744,,,2.7,79.88521966658725
369,86.73101308753714,649,1.35625,61.57241686081238,,,2.7,78.8679058295489
370,85.47670275081795,650,1.36875,61.33559512428552,,,2.7,77.84707706647967
371,80.09469396306142,651,1.4225,59.82247041935234,,,2.7,73.05768861342696
372,74.611184393722,652,1.39375,54.6844368368428,,,2.7,68.1604929918829
373,69.1276748243826,653,1.42125,51.744350720850306,,,2.7,63.247931053119295
374,63.64416525504318,654,1.405,47.167189694708185,,,2.7,58.320002797136105
375,58.16065568570376,655,1.33625,41.056851879596856,,,2.7,53.37670822393337
376,52.67714611636434,656,1.20875,33.68913795866977,,,2.7,48.41804733351107
377,47.19363654702492,657,1.25,31.259797462054127,,,2.7,43.44402012586921
378,41.710126977685505,658,1.36375,30.187663677949903,,,2.7,38.454626601007774
379,36.22661740834609,659,1.39,26.764265723333786,,,2.7,33.449866758926795
380,30.743107839006665,660,1.3975,22.87024695834948,,,2.7,28.429740599626236
381,33.290283192824496,661,1.39,24.669541790985605,,,2.7,30.831889596463697
382,35.959753240903474,662,1.38125,26.520048687800443,,,2.7,33.35461141387908
383,38.62922328898246,663,1.38125,28.531797239735386,,,2.7,35.884813827990456
384,41.29869333706144,664,1.3925,30.798312973241,,,2.7,38.42249683879785
385,43.968163385140414,665,1.41625,33.398520348526674,,,2.7,40.96766044630123
386,46.6376334332194,666,1.41875,35.542170178638756,,,2.7,43.52030465050064
387,49.30710348129838,667,1.41125,37.43403253017726,,,2.7,46.080429451396036
388,51.97657352937736,668,1.41375,39.589868574760764,,,2.7,48.64803484898744
389,54.64604357745634,669,1.43375,42.27519372989443,,,2.7,51.22312084327483
390,57.31551362553533,670,1.42125,44.01946933309841,,,2.7,53.80568743425825
391,55.70651938845291,671,1.40875,42.470737932314684,,,2.7,52.373275639064985
392,54.097525151370505,672,1.395,40.90234540359424,,,2.7,50.9363549950152
393,52.48853091428809,673,1.40625,40.06538782269241,,,2.7,49.49492550210888
394,50.87953667720568,674,1.4,38.72205644970362,,,2.7,48.04898716034606
395,49.270542440123265,675,1.39375,37.38551180912198,,,2.7,46.5985399697267
396,47.66154820304086,676,1.40625,36.54304314074984,,,2.7,45.14358393025083
397,46.05255396595844,677,1.40125,35.2358983230399,,,2.7,43.68411904191842
398,44.44355972887603,678,1.39875,33.99428912195008,,,2.7,42.2201453047295
399,42.83456549179362,679,1.39125,32.63597946045751,,,2.7,40.75166271868405
400,41.267941785840044,680,1.39,31.460372165565694,,,2.7,39.31904084358868
401,41.58488078188224,681,1.39,31.748609312671906,,,2.7,39.6792784180225
402,41.90181977792444,682,1.38875,32.00874634397981,,,2.7,40.04040414357393
403,42.21875877396664,683,1.38,32.09464562203217,,,2.7,40.402418020242976
404,42.53569777000884,684,1.37125,32.177599172457846,,,2.7,40.765320048029615
405,42.852636766051035,685,1.36625,32.346375942591536,,,2.7,41.129110226933875
406,43.16957576209323,686,1.296875,30.976143570695886,,,2.7,41.49378855695575
407,43.486514758135435,687,1.03125,24.848640599750112,,,2.7,41.85935503809524
408,43.80345375417763,688,1.100625,26.75244622325832,,,2.7,42.22580967035232
409,44.12039275021983,689,1.1275,27.644101310949523,,,2.7,42.59315245372703
410,44.437331746262025,690,1.17875,29.150506411748605,,,2.7,42.96138338821934
411,40.59364242297192,691,1.22875,27.798856631145565,,,2.7,39.30223628395924
412,36.64327032226312,692,1.26375,25.845731194192293,,,2.7,35.52887974032371
413,32.69289822155433,693,1.25875,23.001357829153502,,,2.7,31.744453156585713
414,28.74252612084554,694,1.24625,20.05011695060013,,,2.7,27.948956532745264
415,24.79215402013675,695,1.265,17.57992123994333,,,2.7,24.142389868802358
416,20.841781919427955,696,1.27125,14.873130430154008,,,2.7,20.32475316475699
417,16.891409818719165,697,1.3275,12.605513458199272,,,2.7,16.496046420609165
418,12.94103771801037,698,1.31875,9.607587135090162,,,2.7,12.656269636358886
419,8.99066561730158,699,1.2925,6.551291243104888,,,2.7,8.805422812006148
420,5.133397753366969,700,1.27875,3.7060897861375883,,,2.7,5.034822325599206
421,10.493449330084811,701,1.2625,7.490227491757292,,,2.7,10.306648874708115
422,15.853500906802653,702,1.26125,11.321156835413095,,,2.7,15.593495777442666
423,21.2135524835205,703,1.2725,15.30572311448712,,,2.7,20.895363033802855
424,26.573604060238342,704,1.29875,19.596387256121286,,,2.7,26.21225064378868
425,31.933655636956182,705,1.31625,23.900306616569413,,,2.7,31.544158607400142
426,37.293707213674026,706,1.31125,27.845376401167726,,,2.7,36.89108692463725
427,42.65375879039186,707,1.30875,31.83176726289722,,,2.7,42.253035595499995
428,48.01381036710971,708,1.3025,35.71120429323012,,,2.7,47.63000461998839
429,53.373861943827556,709,1.30875,39.94467495590022,,,2.7,53.0219939981024
430,58.7339135205454,710,1.31,44.06014453632209,,,2.7,58.42900372984207
431,56.857485319152836,711,1.30875,42.671830866759926,,,2.7,56.64198200644479
432,54.80311089370837,712,1.3,40.912488052617775,,,2.7,54.672180916758265
433,52.74873646826392,713,1.2925,39.20662658810295,,,2.7,52.69662289919374
434,50.694362042819456,714,1.29375,37.76900731161869,,,2.7,50.715307953751186
435,48.639987617375,715,1.26625,35.51781898553739,,,2.7,48.728236080430605
436,46.585613191930534,716,1.2475,33.56083260479616,,,2.7,46.735407279232
437,44.53123876648607,717,1.1125,28.64911993100415,,,2.7,44.73682155015538
438,42.476864341041605,718,1.025125,25.21628197844023,,,2.7,42.732478893200714
439,40.42248991559715,719,0.942375,22.090372627081337,,,2.7,40.72237930836806
440,38.36811549015269,720,0.987375,21.999480509313265,,,2.7,38.70652279565737
441,38.63401009754658,721,1.087875,24.44057301978023,,,2.7,39.02889421185806
442,38.9915577436597,722,1.2075,27.417146750266742,,,2.7,39.44472899567492
443,39.34910538977281,723,1.14125,26.186730852023356,,,2.7,39.86156572732863
444,39.70665303588592,724,1.06,24.57734953996216,,,2.7,40.27940440681917
445,40.06420068199903,725,1.04625,24.510789138764704,,,2.7,40.69824503414654
446,40.42174832811215,726,1.075,25.4441245260971,,,2.7,41.11808760931076
447,40.779295974225256,727,1.075,25.704545695269843,,,2.7,41.53893213231179
448,41.136843620338375,728,1.045,25.24096584680761,,,2.7,41.9607786031497
449,41.49439126645148,729,1.05125,25.647808866493012,,,2.7,42.38362702182442
450,41.82284741183893,730,1.11125,27.363746926420802,,,2.7,42.77772168783885
451,39.27124498538191,731,1.0875,25.17958951568383,,,2.7,40.222887067880706
452,36.7196425589249,732,1.145,24.82231864652584,,,2.7,37.66090214904785
453,34.16804013246789,733,1.19,24.038000409363935,,,2.7,35.091766931340274
454,31.616437706010878,734,1.2225,22.88153717200884,,,2.7,32.51548141475799
455,29.064835279553872,735,1.21125,20.86970589410076,,,2.7,29.932045599300988
456,26.513232853096863,736,1.20125,18.906068832730934,,,2.7,27.34145948496927
457,23.961630426639854,737,1.2025,17.12759054527569,,,2.7,24.74372307176283
458,21.41002800018284,738,1.21375,15.467857901351096,,,2.7,22.13883635968168
459,18.858425573725835,739,1.1975,13.46023760542256,,,2.7,19.526799348725817
460,16.306823147268823,740,1.215,11.825096472038215,,,2.7,16.90761203889523
461,14.837880016022892,741,1.21125,10.741160018710119,,,2.7,15.405338872566464
462,13.380978595846008,742,1.21375,9.719599228322783,,,2.7,13.91146842503193
463,11.924077175669124,743,1.2375,8.842725288740153,,,2.7,12.413515334967649
464,10.467175755492239,744,1.24875,7.843416671659484,,,2.7,10.911479602373618
465,9.010274335315355,745,1.24875,6.760784947693397,,,2.7,9.40536122724984
466,7.553372915138469,746,1.24125,5.641133131989795,,,2.7,7.895160209596308
467,6.096471494961585,747,1.24,4.554578253191598,,,2.7,6.38087654941303
468,4.6395700747847,748,1.23875,3.467291361696242,,,2.7,4.862510246700006
469,3.1826686546078156,749,1.23125,2.367264698329398,,,2.7,3.340061301457234
470,1.7257672344309332,750,1.23,1.2840322381520364,,,2.7,1.813529713684714
471,1.6301331643560528,751,1.23,1.2144942560880432,,,2.7,1.7153162943049785
472,1.567972881578765,752,1.22875,1.1685498723502417,,,2.7,1.6521047538783977
473,1.5058125988014768,753,1.22375,1.119143923878016,,,2.7,1.5887190230703583
474,1.4436523160241888,754,1.23625,1.0853444656997302,,,2.7,1.5251591018808608
475,1.3814920332469007,755,1.23,1.0347317648224548,,,2.7,1.4614249903099048
476,1.3193317504696125,756,1.22125,0.9824438085102334,,,2.7,1.3975166883574908
477,1.2571714676923247,757,1.22125,0.9373942943600221,,,2.7,1.3334341960236187
478,1.1950111849150364,758,1.22375,0.8940487787428453,,,2.7,1.2691775133082877
479,1.1328509021377484,759,1.079375,0.7485386323022319,,,2.7,1.204746640211499
480,1.0706906193604604,760,0.36675,0.24069942133042388,,,2.7,1.1401415767332514
481,0.9835227873627927,761,0.234375,0.14148412136376637,,,2.7,1.048697605667209
482,0.8955549202507488,762,0.581,0.31977953133552134,,,2.7,0.9561551943505139
483,0.8075870531387049,763,0.436375,0.216870799932291,,,2.7,0.8633662726312963
484,0.7196191860266611,764,0.5355,0.2374558651630489,,,2.7,0.7703308405095567
485,0.6316513189146172,765,0.681625,0.2656511417563324,,,2.7,0.6770488979852949
486,0.5436834518025735,766,0.815875,0.2740474993309317,,,2.7,0.5835204450585112
487,0.4557155846905296,767,0.9685,0.2730336680629163,,,2.7,0.4897454817292052
488,0.3677477175784858,768,1.093875,0.24917601529812408,,,2.7,0.3957240079973771
489,0.27977985046644194,769,1.12375,0.19500233509496756,,,2.7,0.3014560238630268
490,0.1918119833543981,770,1.15625,0.1377353892180081,,,2.7,0.2069415293261544
491,0.2011392833900872,771,1.16875,0.14618413225254448,,,2.7,0.21728636250143238
492,0.21347571230663118,772,1.17,0.15551739289715052,,,2.7,0.230912245594399
493,0.2258121412231752,773,1.17,0.16471758953922624,,,2.7,0.2445726987884461
494,0.23814857013971918,774,1.17,0.17394106884428248,,,2.7,0.2582677220835738
495,0.25048499905626315,775,1.17125,0.18338354430677675,,,2.7,0.27199731547978195
496,0.26282142797280716,776,1.1775,0.1936915797731013,,,2.7,0.2857614789770707
497,0.2751578568893512,777,1.17125,0.2019667488941046,,,2.7,0.29956021257544
498,0.28749428580589514,778,1.17,0.21106781269431205,,,2.7,0.31339351627488987
499,0.29983071472243916,779,1.16875,0.22017222699662714,,,2.7,0.32726139007542027
500,0.3121671436389831,780,1.16125,0.22805250862693133,,,2.7,0.3411638339770312
501,0.3323179942447683,781,1.16,0.24282322049121677,,,2.7,0.36365208748216565
502,0.35264462938753083,782,1.16,0.2580057293224519,,,2.7,0.38638941473829097
503,0.3729712645302932,783,1.15875,0.27293184806201953,,,2.7,0.40918370287314904
504,0.3932978996730556,784,1.1525,0.2866196475191661,,,2.7,0.4320349518867401
505,0.413624534815818,785,1.15875,0.30345411372855124,,,2.7,0.45494316177906413
506,0.43395116995858046,786,1.1575,0.3184283621192181,,,2.7,0.47790833255012105
507,0.45427780510134286,787,1.14125,0.3290821873709999,,,2.7,0.5009304641999109
508,0.4746044402441053,788,1.13,0.3408503871857144,,,2.7,0.5240095567284339
509,0.4949310753868677,789,1.1175,0.35196266021313155,,,2.7,0.5471456101356894
510,0.5152577105296301,790,1.095,0.3594951566019219,,,2.7,0.5703386244216782
511,0.48656037302670363,791,1.0975,0.3406787788350367,,,2.7,0.5392552877484983
512,0.4575671161717926,792,1.09,0.31859123161120234,,,2.7,0.5077631508618521
513,0.4285738593168814,793,1.0825,0.2967249763670253,,,2.7,0.4761897668147098
514,0.39958060246197036,794,1.08875,0.2785995441393516,,,2.7,0.4445351356070718
515,0.37058734560705925,795,1.0875,0.25841297349229,,,2.7,0.4127992572389378
516,0.3415940887521482,796,1.075,0.23575407722172256,,,2.7,0.38098213171030804
517,0.3126008318972371,797,1.09,0.21902933391928064,,,2.7,0.3490837590211824
518,0.283607575042326,798,1.105,0.20170205805925934,,,2.7,0.31710413917156083
519,0.25461431818741487,799,1.09,0.17884773045515628,,,2.7,0.2850432721614433
520,,800,1.07375,0.0,,,2.7,0.0
521,,801,1.07875,0.0,,,2.7,0.0
522,,802,1.0775,0.0,,,2.7,0.0
523,,803,1.065,0.0,,,2.7,0.0
524,,804,1.07375,0.0,,,2.7,0.0
525,,805,1.05875,0.0,,,2.7,0.0
526,,806,1.08375,0.0,,,2.7,0.0
527,,807,1.08125,0.0,,,2.7,0.0
528,,808,1.07625,0.0,,,2.7,0.0
529,,809,1.05375,0.0,,,2.7,0.0
530,,810,1.05,0.0,,,2.7,0.0
531,,811,1.04625,0.0,,,2.7,0.0
532,,812,1.0225,0.0,,,2.7,0.0
533,,813,0.997625,0.0,,,2.7,0.0
534,,814,0.913625,0.0,,,2.7,0.0
535,,815,0.886125,0.0,,,2.7,0.0
536,,816,0.84025,0.0,,,2.7,0.0
537,,817,0.843,0.0,,,2.7,0.0
538,,818,0.834,0.0,,,2.7,0.0
539,,819,0.887125,0.0,,,2.7,0.0
540,,820,0.8815,0.0,,,2.7,0.0
541,,821,0.97225,0.0,,,2.7,0.0
542,,822,0.92,0.0,,,2.7,0.0
543,,823,0.738375,0.0,,,2.7,0.0
544,,824,0.90375,0.0,,,2.7,0.0
545,,825,0.958125,0.0,,,2.7,0.0
546,,826,0.941875,0.0,,,2.7,0.0
547,,827,0.95875,0.0,,,2.7,0.0
548,,828,0.873875,0.0,,,2.7,0.0
549,,829,0.91525,0.0,,,2.7,0.0
550,,830,0.91575,0.0,,,2.7,0.0
551,,831,0.916375,0.0,,,2.7,0.0
552,,832,0.903375,0.0,,,2.7,0.0
553,,833,0.943375,0.0,,,2.7,0.0
554,,834,0.9425,0.0,,,2.7,0.0
555,,835,0.987625,0.0,,,2.7,0.0
556,,836,0.97875,0.0,,,2.7,0.0
557,,837,1.00325,0.0,,,2.7,0.0
558,,838,0.998,0.0,,,2.7,0.0
559,,839,0.99925,0.0,,,2.7,0.0
560,,840,1.0085,0.0,,,2.7,0.0
561,,841,1.008,0.0,,,2.7,0.0
562,,842,0.99675,0.0,,,2.7,0.0
563,,843,0.997125,0.0,,,2.7,0.0
564,,844,0.9885,0.0,,,2.7,0.0
565,,845,1.007875,0.0,,,2.7,0.0
566,,846,1.014875,0.0,,,2.7,0.0
567,,847,0.992875,0.0,,,2.7,0.0
568,,848,0.98825,0.0,,,2.7,0.0
569,,849,0.97225,0.0,,,2.7,0.0
570,,850,0.912625,0.0,,,2.7,0.0
571,,851,0.96125,0.0,,,2.7,0.0
572,,852,0.967,0.0,,,2.7,0.0
573,,853,0.9485,0.0,,,2.7,0.0
574,,854,0.87075,0.0,,,2.7,0.0
575,,855,0.909875,0.0,,,2.7,0.0
576,,856,0.964875,0.0,,,2.7,0.0
577,,857,0.986625,0.0,,,2.7,0.0
578,,858,0.989,0.0,,,2.7,0.0
579,,859,0.9885,0.0,,,2.7,0.0
580,,860,0.985375,0.0,,,2.7,0.0
581,,861,0.985125,0.0,,,2.7,0.0
582,,862,0.99175,0.0,,,2.7,0.0
583,,863,0.9945,0.0,,,2.7,0.0
584,,864,0.97675,0.0,,,2.7,0.0
585,,865,0.947875,0.0,,,2.7,0.0
586,,866,0.869375,0.0,,,2.7,0.0
587,,867,0.910125,0.0,,,2.7,0.0
588,,868,0.9495,0.0,,,2.7,0.0
589,,869,0.950375,0.0,,,2.7,0.0
590,,870,0.961,0.0,,,2.7,0.0
591,,871,0.954375,0.0,,,2.7,0.0
592,,872,0.961125,0.0,,,2.7,0.0
593,,873,0.95325,0.0,,,2.7,0.0
594,,874,0.93825,0.0,,,2.7,0.0
595,,875,0.929,0.0,,,2.7,0.0
596,,876,0.947125,0.0,,,2.7,0.0
597,,877,0.95225,0.0,,,2.7,0.0
598,,878,0.948375,0.0,,,2.7,0.0
599,,879,0.936375,0.0,,,2.7,0.0
600,,880,0.93275,0.0,,,2.7,0.0
601,,881,0.912875,0.0,,,2.7,0.0
602,,882,0.926625,0.0,,,2.7,0.0
603,,883,0.92775,0.0,,,2.7,0.0
604,,884,0.931125,0.0,,,2.7,0.0
605,,885,0.935875,0.0,,,2.7,0.0
606,,886,0.91,0.0,,,2.7,0.0
607,,887,0.909125,0.0,,,2.7,0.0
608,,888,0.92,0.0,,,2.7,0.0
609,,889,0.929125,0.0,,,2.7,0.0
610,,890,0.922625,0.0,,,2.7,0.0
611,,891,0.920625,0.0,,,2.7,0.0
612,,892,0.90375,0.0,,,2.7,0.0
613,,893,0.872625,0.0,,,2.7,0.0
614,,894,0.847,0.0,,,2.7,0.0
615,,895,0.809375,0.0,,,2.7,0.0
616,,896,0.754375,0.0,,,2.7,0.0
617,,897,0.6825,0.0,,,2.7,0.0
618,,898,0.688375,0.0,,,2.7,0.0
619,,899,0.59225,0.0,,,2.7,0.0
620,,900,0.698125,0.0,,,2.7,0.0
621,,901,0.62425,0.0,,,2.7,0.0
622,,902,0.660125,0.0,,,2.7,0.0
623,,903,0.70375,0.0,,,2.7,0.0
624,,904,0.81925,0.0,,,2.7,0.0
625,,905,0.813125,0.0,,,2.7,0.0
626,,906,0.76125,0.0,,,2.7,0.0
627,,907,0.655625,0.0,,,2.7,0.0
628,,908,0.654875,0.0,,,2.7,0.0
629,,909,0.685625,0.0,,,2.7,0.0
630,,910,0.63825,0.0,,,2.7,0.0
631,,911,0.66325,0.0,,,2.7,0.0
632,,912,0.676875,0.0,,,2.7,0.0
633,,913,0.63425,0.0,,,2.7,0.0
634,,914,0.631625,0.0,,,2.7,0.0
635,,915,0.657,0.0,,,2.7,0.0
636,,916,0.60675,0.0,,,2.7,0.0
637,,917,0.69175,0.0,,,2.7,0.0
638,,918,0.626375,0.0,,,2.7,0.0
639,,919,0.719375,0.0,,,2.7,0.0
640,,920,0.745875,0.0,,,2.7,0.0
641,,921,0.7635,0.0,,,2.7,0.0
642,,922,0.713625,0.0,,,2.7,0.0
643,,923,0.734375,0.0,,,2.7,0.0
644,,924,0.72075,0.0,,,2.7,0.0
645,,925,0.70925,0.0,,,2.7,0.0
646,,926,0.7125,0.0,,,2.7,0.0
647,,927,0.749875,0.0,,,2.7,0.0
648,,928,0.607875,0.0,,,2.7,0.0
649,,929,0.539875,0.0,,,2.7,0.0
650,,930,0.443,0.0,,,2.7,0.0
651,,931,0.397375,0.0,,,2.7,0.0
652,,932,0.307,0.0,,,2.7,0.0
653,,933,0.241375,0.0,,,2.7,0.0
654,,934,0.1695,0.0,,,2.7,0.0
655,,935,0.2255,0.0,,,2.7,0.0
656,,936,0.172375,0.0,,,2.7,0.0
657,,937,0.167375,0.0,,,2.7,0.0
658,,938,0.220125,0.0,,,2.7,0.0
659,,939,0.38225,0.0,,,2.7,0.0
660,,940,0.448625,0.0,,,2.7,0.0
661,,941,0.3875,0.0,,,2.7,0.0
662,,942,0.384125,0.0,,,2.7,0.0
663,,943,0.294625,0.0,,,2.7,0.0
664,,944,0.294375,0.0,,,2.7,0.0
665,,945,0.335125,0.0,,,2.7,0.0
666,,946,0.237625,0.0,,,2.7,0.0
667,,947,0.335875,0.0,,,2.7,0.0
668,,948,0.312625,0.0,,,2.7,0.0
669,,949,0.42225,0.0,,,2.7,0.0
670,,950,0.232125,0.0,,,2.7,0.0
671,,951,0.413375,0.0,,,2.7,0.0
672,,952,0.304125,0.0,,,2.7,0.0
673,,953,0.343625,0.0,,,2.7,0.0
674,,954,0.402625,0.0,,,2.7,0.0
675,,955,0.34875,0.0,,,2.7,0.0
676,,956,0.3215,0.0,,,2.7,0.0
677,,957,0.300875,0.0,,,2.7,0.0
678,,958,0.425375,0.0,,,2.7,0.0
679,,959,0.389625,0.0,,,2.7,0.0
680,,960,0.418375,0.0,,,2.7,0.0
681,,961,0.4525,0.0,,,2.7,0.0
682,,962,0.45125,0.0,,,2.7,0.0
683,,963,0.49025,0.0,,,2.7,0.0
684,,964,0.4685,0.0,,,2.7,0.0
685,,965,0.49625,0.0,,,2.7,0.0
686,,966,0.501125,0.0,,,2.7,0.0
687,,967,0.519625,0.0,,,2.7,0.0
688,,968,0.635625,0.0,,,2.7,0.0
689,,969,0.673375,0.0,,,2.7,0.0
690,,970,0.64925,0.0,,,2.7,0.0
691,,971,0.698875,0.0,,,2.7,0.0
692,,972,0.679125,0.0,,,2.7,0.0
693,,973,0.61125,0.0,,,2.7,0.0
694,,974,0.579625,0.0,,,2.7,0.0
695,,975,0.584,0.0,,,2.7,0.0
696,,976,0.580625,0.0,,,2.7,0.0
697,,977,0.625625,0.0,,,2.7,0.0
698,,978,0.618875,0.0,,,2.7,0.0
699,,979,0.629,0.0,,,2.7,0.0
700,,980,0.620625,0.0,,,2.7,0.0
701,,981,0.694875,0.0,,,2.7,0.0
702,,982,0.68975,0.0,,,2.7,0.0
703,,983,0.678375,0.0,,,2.7,0.0
704,,984,0.720375,0.0,,,2.7,0.0
705,,985,0.7,0.0,,,2.7,0.0
706,,986,0.739625,0.0,,,2.7,0.0
707,,987,0.738,0.0,,,2.7,0.0
708,,988,0.73525,0.0,,,2.7,0.0
709,,989,0.743125,0.0,,,2.7,0.0
710,,990,0.73475,0.0,,,2.7,0.0
711,,991,0.748125,0.0,,,2.7,0.0
712,,992,0.7475,0.0,,,2.7,0.0
713,,993,0.738875,0.0,,,2.7,0.0
714,,994,0.749625,0.0,,,2.7,0.0
715,,995,0.749875,0.0,,,2.7,0.0
716,,996,0.74625,0.0,,,2.7,0.0
717,,997,0.739,0.0,,,2.7,0.0
718,,998,0.737,0.0,,,2.7,0.0
719,,999,0.73575,0.0,,,2.7,0.0
720,,1000,0.7345,0.0,,,2.7,0.0
721,,1001,0.738875,0.0,,,2.7,0.0
722,,1002,0.72875,0.0,,,2.7,0.0
723,,1003,0.729875,0.0,,,2.7,0.0
724,,1004,0.71725,0.0,,,2.7,0.0
725,,1005,0.689,0.0,,,2.7,0.0
726,,1006,0.708875,0.0,,,2.7,0.0
727,,1007,0.72325,0.0,,,2.7,0.0
728,,1008,0.724125,0.0,,,2.7,0.0
729,,1009,0.71875,0.0,,,2.7,0.0
730,,1010,0.717625,0.0,,,2.7,0.0
731,,1011,0.72,0.0,,,2.7,0.0
732,,1012,0.717375,0.0,,,2.7,0.0
733,,1013,0.7165,0.0,,,2.7,0.0
734,,1014,0.717,0.0,,,2.7,0.0
735,,1015,0.708,0.0,,,2.7,0.0
736,,1016,0.707625,0.0,,,2.7,0.0
737,,1017,0.703375,0.0,,,2.7,0.0
738,,1018,0.7075,0.0,,,2.7,0.0
739,,1019,0.691375,0.0,,,2.7,0.0
740,,1020,0.696125,0.0,,,2.7,0.0
741,,1021,0.698125,0.0,,,2.7,0.0
742,,1022,0.690125,0.0,,,2.7,0.0
743,,1023,0.691875,0.0,,,2.7,0.0
744,,1024,0.690375,0.0,,,2.7,0.0
745,,1025,0.694875,0.0,,,2.7,0.0
746,,1026,0.693875,0.0,,,2.7,0.0
747,,1027,0.6915,0.0,,,2.7,0.0
748,,1028,0.690875,0.0,,,2.7,0.0
749,,1029,0.685625,0.0,,,2.7,0.0
750,,1030,0.687875,0.0,,,2.7,0.0
751,,1031,0.685625,0.0,,,2.7,0.0
752,,1032,0.684375,0.0,,,2.7,0.0
753,,1033,0.676,0.0,,,2.7,0.0
754,,1034,0.67775,0.0,,,2.7,0.0
755,,1035,0.67975,0.0,,,2.7,0.0
756,,1036,0.679125,0.0,,,2.7,0.0
757,,1037,0.6735,0.0,,,2.7,0.0
758,,1038,0.670875,0.0,,,2.7,0.0
759,,1039,0.673,0.0,,,2.7,0.0
760,,1040,0.6705,0.0,,,2.7,0.0
761,,1041,0.67,0.0,,,2.7,0.0
762,,1042,0.669125,0.0,,,2.7,0.0
763,,1043,0.66425,0.0,,,2.7,0.0
764,,1044,0.66525,0.0,,,2.7,0.0
765,,1045,0.661125,0.0,,,2.7,0.0
766,,1046,0.6485,0.0,,,2.7,0.0
767,,1047,0.6545,0.0,,,2.7,0.0
768,,1048,0.65975,0.0,,,2.7,0.0
769,,1049,0.657,0.0,,,2.7,0.0
770,,1050,0.6535,0.0,,,2.7,0.0
771,,1051,0.6525,0.0,,,2.7,0.0
772,,1052,0.64925,0.0,,,2.7,0.0
773,,1053,0.647,0.0,,,2.7,0.0
774,,1054,0.6455,0.0,,,2.7,0.0
775,,1055,0.6465,0.0,,,2.7,0.0
776,,1056,0.645,0.0,,,2.7,0.0
777,,1057,0.642375,0.0,,,2.7,0.0
778,,1058,0.6345,0.0,,,2.7,0.0
779,,1059,0.6215,0.0,,,2.7,0.0
780,,1060,0.63,0.0,,,2.7,0.0
781,,1061,0.622375,0.0,,,2.7,0.0
782,,1062,0.62825,0.0,,,2.7,0.0
783,,1063,0.623375,0.0,,,2.7,0.0
784,,1064,0.6285,0.0,,,2.7,0.0
785,,1065,0.625875,0.0,,,2.7,0.0
786,,1066,0.617,0.0,,,2.7,0.0
787,,1067,0.618375,0.0,,,2.7,0.0
788,,1068,0.614,0.0,,,2.7,0.0
789,,1069,0.591375,0.0,,,2.7,0.0
790,,1070,0.60225,0.0,,,2.7,0.0
791,,1071,0.613375,0.0,,,2.7,0.0
792,,1072,0.612625,0.0,,,2.7,0.0
793,,1073,0.60575,0.0,,,2.7,0.0
794,,1074,0.614125,0.0,,,2.7,0.0
795,,1075,0.597375,0.0,,,2.7,0.0
796,,1076,0.609,0.0,,,2.7,0.0
797,,1077,0.604125,0.0,,,2.7,0.0
798,,1078,0.60225,0.0,,,2.7,0.0
799,,1079,0.602,0.0,,,2.7,0.0
800,,1080,0.59475,0.0,,,2.7,0.0
801,,1081,0.58225,0.0,,,2.7,0.0
802,,1082,0.587875,0.0,,,2.7,0.0
803,,1083,0.592625,0.0,,,2.7,0.0
804,,1084,0.58125,0.0,,,2.7,0.0
805,,1085,0.58525,0.0,,,2.7,0.0
806,,1086,0.559375,0.0,,,2.7,0.0
807,,1087,0.56675,0.0,,,2.7,0.0
808,,1088,0.586125,0.0,,,2.7,0.0
809,,1089,0.576625,0.0,,,2.7,0.0
810,,1090,0.561125,0.0,,,2.7,0.0
811,,1091,0.582,0.0,,,2.7,0.0
812,,1092,0.572,0.0,,,2.7,0.0
813,,1093,0.5215,0.0,,,2.7,0.0
814,,1094,0.532,0.0,,,2.7,0.0
815,,1095,0.51925,0.0,,,2.7,0.0
816,,1096,0.5135,0.0,,,2.7,0.0
817,,1097,0.55825,0.0,,,2.7,0.0
818,,1098,0.511875,0.0,,,2.7,0.0
819,,1099,0.50275,0.0,,,2.7,0.0
820,,1100,0.48825,0.0,,,2.7,0.0
821,,1101,0.491,0.0,,,2.7,0.0
822,,1102,0.471125,0.0,,,2.7,0.0
823,,1103,0.4655,0.0,,,2.7,0.0
824,,1104,0.47075,0.0,,,2.7,0.0
825,,1105,0.486625,0.0,,,2.7,0.0
826,,1106,0.421125,0.0,,,2.7,0.0
827,,1107,0.462875,0.0,,,2.7,0.0
828,,1108,0.42225,0.0,,,2.7,0.0
829,,1109,0.4205,0.0,,,2.7,0.0
830,,1110,0.451375,0.0,,,2.7,0.0
831,,1111,0.3595,0.0,,,2.7,0.0
832,,1112,0.383875,0.0,,,2.7,0.0
833,,1113,0.289875,0.0,,,2.7,0.0
834,,1114,0.288875,0.0,,,2.7,0.0
835,,1115,0.24925,0.0,,,2.7,0.0
836,,1116,0.1918,0.0,,,2.7,0.0
837,,1117,0.1118,0.0,,,2.7,0.0
838,,1118,0.1868,0.0,,,2.7,0.0
839,,1119,0.129625,0.0,,,2.7,0.0
840,,1120,0.14375,0.0,,,2.7,0.0
841,,1121,0.166675,0.0,,,2.7,0.0
842,,1122,0.100175,0.0,,,2.7,0.0
843,,1123,0.119675,0.0,,,2.7,0.0
844,,1124,0.115,0.0,,,2.7,0.0
845,,1125,0.127925,0.0,,,2.7,0.0
846,,1126,0.076175,0.0,,,2.7,0.0
847,,1127,0.1365375,0.0,,,2.7,0.0
848,,1128,0.10705,0.0,,,2.7,0.0
849,,1129,0.1006625,0.0,,,2.7,0.0
850,,1130,0.102925,0.0,,,2.7,0.0
851,,1131,0.259175,0.0,,,2.7,0.0
852,,1132,0.23075,0.0,,,2.7,0.0
853,,1133,0.149075,0.0,,,2.7,0.0
854,,1134,0.05225,0.0,,,2.7,0.0
855,,1135,0.03275,0.0,,,2.7,0.0
856,,1136,0.1338,0.0,,,2.7,0.0
857,,1137,0.256625,0.0,,,2.7,0.0
858,,1138,0.225375,0.0,,,2.7,0.0
859,,1139,0.28075,0.0,,,2.7,0.0
860,,1140,0.252625,0.0,,,2.7,0.0
861,,1141,0.204625,0.0,,,2.7,0.0
862,,1142,0.231,0.0,,,2.7,0.0
863,,1143,0.275375,0.0,,,2.7,0.0
864,,1144,0.141875,0.0,,,2.7,0.0
865,,1145,0.14325,0.0,,,2.7,0.0
866,,1146,0.143375,0.0,,,2.7,0.0
867,,1147,0.097625,0.0,,,2.7,0.0
868,,1148,0.237125,0.0,,,2.7,0.0
869,,1149,0.212375,0.0,,,2.7,0.0
870,,1150,0.143375,0.0,,,2.7,0.0
871,,1151,0.19825,0.0,,,2.7,0.0
872,,1152,0.24025,0.0,,,2.7,0.0
873,,1153,0.226375,0.0,,,2.7,0.0
874,,1154,0.175125,0.0,,,2.7,0.0
875,,1155,0.28675,0.0,,,2.7,0.0
876,,1156,0.28825,0.0,,,2.7,0.0
877,,1157,0.309375,0.0,,,2.7,0.0
878,,1158,0.3145,0.0,,,2.7,0.0
879,,1159,0.326625,0.0,,,2.7,0.0
880,,1160,0.299875,0.0,,,2.7,0.0
881,,1161,0.339625,0.0,,,2.7,0.0
882,,1162,0.3635,0.0,,,2.7,0.0
883,,1163,0.444,0.0,,,2.7,0.0
884,,1164,0.407625,0.0,,,2.7,0.0
885,,1165,0.387875,0.0,,,2.7,0.0
886,,1166,0.380125,0.0,,,2.7,0.0
887,,1167,0.40575,0.0,,,2.7,0.0
888,,1168,0.417375,0.0,,,2.7,0.0
889,,1169,0.425875,0.0,,,2.7,0.0
890,,1170,0.451375,0.0,,,2.7,0.0
891,,1171,0.449125,0.0,,,2.7,0.0
892,,1172,0.45325,0.0,,,2.7,0.0
893,,1173,0.44,0.0,,,2.7,0.0
894,,1174,0.36525,0.0,,,2.7,0.0
895,,1175,0.439625,0.0,,,2.7,0.0
896,,1176,0.4715,0.0,,,2.7,0.0
897,,1177,0.4575,0.0,,,2.7,0.0
898,,1178,0.388375,0.0,,,2.7,0.0
899,,1179,0.46125,0.0,,,2.7,0.0
900,,1180,0.44625,0.0,,,2.7,0.0
901,,1181,0.435625,0.0,,,2.7,0.0
902,,1182,0.352875,0.0,,,2.7,0.0
903,,1183,0.420375,0.0,,,2.7,0.0
904,,1184,0.419625,0.0,,,2.7,0.0
905,,1185,0.416375,0.0,,,2.7,0.0
906,,1186,0.4645,0.0,,,2.7,0.0
907,,1187,0.44175,0.0,,,2.7,0.0
908,,1188,0.359125,0.0,,,2.7,0.0
909,,1189,0.410625,0.0,,,2.7,0.0
910,,1190,0.45325,0.0,,,2.7,0.0
911,,1191,0.450375,0.0,,,2.7,0.0
912,,1192,0.46625,0.0,,,2.7,0.0
913,,1193,0.45725,0.0,,,2.7,0.0
914,,1194,0.463375,0.0,,,2.7,0.0
915,,1195,0.44675,0.0,,,2.7,0.0
916,,1196,0.43775,0.0,,,2.7,0.0
917,,1197,0.464875,0.0,,,2.7,0.0
918,,1198,0.42975,0.0,,,2.7,0.0
919,,1199,0.383,0.0,,,2.7,0.0
920,,1200,0.43525,0.0,,,2.7,0.0
921,,1201,0.437375,0.0,,,2.7,0.0
922,,1202,0.435625,0.0,,,2.7,0.0
923,,1203,0.424375,0.0,,,2.7,0.0
924,,1204,0.379375,0.0,,,2.7,0.0
925,,1205,0.432125,0.0,,,2.7,0.0
926,,1206,0.468125,0.0,,,2.7,0.0
927,,1207,0.43575,0.0,,,2.7,0.0
928,,1208,0.42925,0.0,,,2.7,0.0
929,,1209,0.42025,0.0,,,2.7,0.0
930,,1210,0.44325,0.0,,,2.7,0.0
931,,1211,0.42525,0.0,,,2.7,0.0
932,,1212,0.429125,0.0,,,2.7,0.0
933,,1213,0.458125,0.0,,,2.7,0.0
934,,1214,0.436625,0.0,,,2.7,0.0
935,,1215,0.4325,0.0,,,2.7,0.0
936,,1216,0.458875,0.0,,,2.7,0.0
937,,1217,0.455875,0.0,,,2.7,0.0
938,,1218,0.455875,0.0,,,2.7,0.0
939,,1219,0.448125,0.0,,,2.7,0.0
940,,1220,0.456375,0.0,,,2.7,0.0
941,,1221,0.461375,0.0,,,2.7,0.0
942,,1222,0.450875,0.0,,,2.7,0.0
943,,1223,0.444375,0.0,,,2.7,0.0
944,,1224,0.44825,0.0,,,2.7,0.0
945,,1225,0.46,0.0,,,2.7,0.0
946,,1226,0.461875,0.0,,,2.7,0.0
947,,1227,0.4405,0.0,,,2.7,0.0
948,,1228,0.461,0.0,,,2.7,0.0
949,,1229,0.465,0.0,,,2.7,0.0
950,,1230,0.461375,0.0,,,2.7,0.0
951,,1231,0.46875,0.0,,,2.7,0.0
952,,1232,0.46425,0.0,,,2.7,0.0
953,,1233,0.4565,0.0,,,2.7,0.0
954,,1234,0.466375,0.0,,,2.7,0.0
955,,1235,0.465125,0.0,,,2.7,0.0
956,,1236,0.46675,0.0,,,2.7,0.0
957,,1237,0.463375,0.0,,,2.7,0.0
958,,1238,0.465625,0.0,,,2.7,0.0
959,,1239,0.4615,0.0,,,2.7,0.0
960,,1240,0.4595,0.0,,,2.7,0.0
961,,1241,0.46075,0.0,,,2.7,0.0
962,,1242,0.460375,0.0,,,2.7,0.0
963,,1243,0.456375,0.0,,,2.7,0.0
964,,1244,0.454375,0.0,,,2.7,0.0
965,,1245,0.45525,0.0,,,2.7,0.0
966,,1246,0.457375,0.0,,,2.7,0.0
967,,1247,0.456375,0.0,,,2.7,0.0
968,,1248,0.457,0.0,,,2.7,0.0
969,,1249,0.457625,0.0,,,2.7,0.0
970,,1250,0.455625,0.0,,,2.7,0.0
971,,1251,0.4515,0.0,,,2.7,0.0
972,,1252,0.449625,0.0,,,2.7,0.0
973,,1253,0.446,0.0,,,2.7,0.0
974,,1254,0.443375,0.0,,,2.7,0.0
975,,1255,0.446875,0.0,,,2.7,0.0
976,,1256,0.439625,0.0,,,2.7,0.0
977,,1257,0.435875,0.0,,,2.7,0.0
978,,1258,0.4405,0.0,,,2.7,0.0
979,,1259,0.42875,0.0,,,2.7,0.0
980,,1260,0.427,0.0,,,2.7,0.0
981,,1261,0.410625,0.0,,,2.7,0.0
982,,1262,0.397375,0.0,,,2.7,0.0
983,,1263,0.394875,0.0,,,2.7,0.0
984,,1264,0.37675,0.0,,,2.7,0.0
985,,1265,0.3905,0.0,,,2.7,0.0
986,,1266,0.38575,0.0,,,2.7,0.0
987,,1267,0.384375,0.0,,,2.7,0.0
988,,1268,0.355875,0.0,,,2.7,0.0
989,,1269,0.278875,0.0,,,2.7,0.0
990,,1270,0.371125,0.0,,,2.7,0.0
991,,1271,0.4045,0.0,,,2.7,0.0
992,,1272,0.4075,0.0,,,2.7,0.0
993,,1273,0.405375,0.0,,,2.7,0.0
994,,1274,0.40575,0.0,,,2.7,0.0
995,,1275,0.410875,0.0,,,2.7,0.0
996,,1276,0.41575,0.0,,,2.7,0.0
997,,1277,0.4195,0.0,,,2.7,0.0
998,,1278,0.42475,0.0,,,2.7,0.0
999,,1279,0.423125,0.0,,,2.7,0.0
1000,,1280,0.420125,0.0,,,2.7,0.0
1001,,1281,0.408125,0.0,,,2.7,0.0
1002,,1282,0.38125,0.0,,,2.7,0.0
1003,,1283,0.4035,0.0,,,2.7,0.0
1004,,1284,0.418625,0.0,,,2.7,0.0
1005,,1285,0.423,0.0,,,2.7,0.0
1006,,1286,0.425,0.0,,,2.7,0.0
1007,,1287,0.421375,0.0,,,2.7,0.0
1008,,1288,0.417875,0.0,,,2.7,0.0
1009,,1289,0.409875,0.0,,,2.7,0.0
1010,,1290,0.412125,0.0,,,2.7,0.0
1011,,1291,0.413625,0.0,,,2.7,0.0
1012,,1292,0.39975,0.0,,,2.7,0.0
1013,,1293,0.408,0.0,,,2.7,0.0
1014,,1294,0.404125,0.0,,,2.7,0.0
1015,,1295,0.401875,0.0,,,2.7,0.0
1016,,1296,0.38775,0.0,,,2.7,0.0
1017,,1297,0.374875,0.0,,,2.7,0.0
1018,,1298,0.390375,0.0,,,2.7,0.0
1019,,1299,0.398125,0.0,,,2.7,0.0
1020,,1300,0.36,0.0,,,2.7,0.0
1021,,1301,0.363625,0.0,,,2.7,0.0
1022,,1302,0.3815,0.0,,,2.7,0.0
1023,,1303,0.345125,0.0,,,2.7,0.0
1024,,1304,0.316,0.0,,,2.7,0.0
1025,,1305,0.372625,0.0,,,2.7,0.0
1026,,1306,0.37325,0.0,,,2.7,0.0
1027,,1307,0.319875,0.0,,,2.7,0.0
1028,,1308,0.3455,0.0,,,2.7,0.0
1029,,1309,0.368,0.0,,,2.7,0.0
1030,,1310,0.3145,0.0,,,2.7,0.0
1031,,1311,0.32875,0.0,,,2.7,0.0
1032,,1312,0.32975,0.0,,,2.7,0.0
1033,,1313,0.31225,0.0,,,2.7,0.0
1034,,1314,0.29075,0.0,,,2.7,0.0
1035,,1315,0.290125,0.0,,,2.7,0.0
1036,,1316,0.31675,0.0,,,2.7,0.0
1037,,1317,0.315125,0.0,,,2.7,0.0
1038,,1318,0.321375,0.0,,,2.7,0.0
1039,,1319,0.27475,0.0,,,2.7,0.0
1040,,1320,0.26425,0.0,,,2.7,0.0
1041,,1321,0.293375,0.0,,,2.7,0.0
1042,,1322,0.292,0.0,,,2.7,0.0
1043,,1323,0.244375,0.0,,,2.7,0.0
1044,,1324,0.265625,0.0,,,2.7,0.0
1045,,1325,0.3085,0.0,,,2.7,0.0
1046,,1326,0.283375,0.0,,,2.7,0.0
1047,,1327,0.26375,0.0,,,2.7,0.0
1048,,1328,0.230875,0.0,,,2.7,0.0
1049,,1329,0.190625,0.0,,,2.7,0.0
1050,,1330,0.211875,0.0,,,2.7,0.0
1051,,1331,0.15475,0.0,,,2.7,0.0
1052,,1332,0.152125,0.0,,,2.7,0.0
1053,,1333,0.1915,0.0,,,2.7,0.0
1054,,1334,0.181,0.0,,,2.7,0.0
1055,,1335,0.21725,0.0,,,2.7,0.0
1056,,1336,0.186625,0.0,,,2.7,0.0
1057,,1337,0.168125,0.0,,,2.7,0.0
1058,,1338,0.176,0.0,,,2.7,0.0
1059,,1339,0.17525,0.0,,,2.7,0.0
1060,,1340,0.16925,0.0,,,2.7,0.0
1061,,1341,0.17075,0.0,,,2.7,0.0
1062,,1342,0.170625,0.0,,,2.7,0.0
1063,,1343,0.126925,0.0,,,2.7,0.0
1064,,1344,0.08605,0.0,,,2.7,0.0
1065,,1345,0.098425,0.0,,,2.7,0.0
1066,,1346,0.0646125,0.0,,,2.7,0.0
1067,,1347,0.0527625,0.0,,,2.7,0.0
1068,,1348,0.013025,0.0,,,2.7,0.0
1069,,1349,0.0146625,0.0,,,2.7,0.0
1070,,1350,0.0145875,0.0,,,2.7,0.0
1071,,1351,0.0056375,0.0,,,2.7,0.0
1072,,1352,0.0017125,0.0,,,2.7,0.0
1073,,1353,0.0003,0.0,,,2.7,0.0
1074,,1354,0.0002375,0.0,,,2.7,0.0
1075,,1355,3.75e-05,0.0,,,2.7,0.0
1076,,1356,1.25e-05,0.0,,,2.7,0.0
1077,,1357,7.5e-05,0.0,,,2.7,0.0
1078,,1358,1.25e-05,0.0,,,2.7,0.0
1079,,1359,0.0,0.0,,,2.7,
1080,,1360,0.0,0.0,,,2.7,
1081,,1361,0.0,0.0,,,2.7,
1082,,1362,0.0,0.0,,,2.7,
1083,,1363,0.0,0.0,,,2.7,
1084,,1364,0.0,0.0,,,2.7,
1085,,1365,0.0,0.0,,,2.7,
1086,,1366,0.0,0.0,,,2.7,
1087,,1367,0.0,0.0,,,2.7,
1088,,1368,0.0,0.0,,,2.7,
1089,,1369,0.0,0.0,,,2.7,
1090,,1370,0.0,0.0,,,2.7,
1091,,1371,0.0,0.0,,,2.7,
1092,,1372,0.0,0.0,,,2.7,
1093,,1373,2.5e-05,0.0,,,2.7,0.0
1094,,1374,0.0001875,0.0,,,2.7,0.0
1095,,1375,0.0002875,0.0,,,2.7,0.0
1096,,1376,0.000275,0.0,,,2.7,0.0
1097,,1377,0.00025,0.0,,,2.7,0.0
1098,,1378,0.00085,0.0,,,2.7,0.0
1099,,1379,0.000225,0.0,,,2.7,0.0
1100,,1380,8.75e-05,0.0,,,2.7,0.0
1101,,1381,1.25e-05,0.0,,,2.7,0.0
1102,,1382,0.0,0.0,,,2.7,
1103,,1383,0.0,0.0,,,2.7,
1104,,1384,0.0,0.0,,,2.7,
1105,,1385,0.0,0.0,,,2.7,
1106,,1386,2.5e-05,0.0,,,2.7,0.0
1107,,1387,0.00015,0.0,,,2.7,0.0
1108,,1388,0.0001,0.0,,,2.7,0.0
1109,,1389,0.0005125,0.0,,,2.7,0.0
1110,,1390,0.0004875,0.0,,,2.7,0.0
1111,,1391,0.0002875,0.0,,,2.7,0.0
1112,,1392,5e-05,0.0,,,2.7,0.0
1113,,1393,8.75e-05,0.0,,,2.7,0.0
1114,,1394,8.75e-05,0.0,,,2.7,0.0
1115,,1395,1.25e-05,0.0,,,2.7,0.0
1116,,1396,0.0,0.0,,,2.7,
1117,,1397,0.0001625,0.0,,,2.7,0.0
1118,,1398,0.001075,0.0,,,2.7,0.0
1119,,1399,0.0007625,0.0,,,2.7,0.0
1120,,1400,0.0001,0.0,,,2.7,0.0
1121,,1401,0.000225,0.0,,,2.7,0.0
1122,,1402,0.00165,0.0,,,2.7,0.0
1123,,1403,0.0021125,0.0,,,2.7,0.0
1124,,1404,0.000825,0.0,,,2.7,0.0
1125,,1405,0.0003375,0.0,,,2.7,0.0
1126,,1406,0.001525,0.0,,,2.7,0.0
1127,,1407,0.0006,0.0,,,2.7,0.0
1128,,1408,0.0013,0.0,,,2.7,0.0
1129,,1409,0.0007125,0.0,,,2.7,0.0
1130,,1410,0.0007125,0.0,,,2.7,0.0
1131,,1411,0.0019625,0.0,,,2.7,0.0
1132,,1412,0.005125,0.0,,,2.7,0.0
1133,,1413,0.01785,0.0,,,2.7,0.0
1134,,1414,0.0032375,0.0,,,2.7,0.0
1135,,1415,0.0046375,0.0,,,2.7,0.0
1136,,1416,0.0281125,0.0,,,2.7,0.0
1137,,1417,0.0149,0.0,,,2.7,0.0
1138,,1418,0.01185,0.0,,,2.7,0.0
1139,,1419,0.0042875,0.0,,,2.7,0.0
1140,,1420,0.00755,0.0,,,2.7,0.0
1141,,1421,0.013625,0.0,,,2.7,0.0
1142,,1422,0.0369375,0.0,,,2.7,0.0
1143,,1423,0.0147875,0.0,,,2.7,0.0
1144,,1424,0.01705,0.0,,,2.7,0.0
1145,,1425,0.024925,0.0,,,2.7,0.0
1146,,1426,0.030175,0.0,,,2.7,0.0
1147,,1427,0.041075,0.0,,,2.7,0.0
1148,,1428,0.0142875,0.0,,,2.7,0.0
1149,,1429,0.0366625,0.0,,,2.7,0.0
1150,,1430,0.0570375,0.0,,,2.7,0.0
1151,,1431,0.0454875,0.0,,,2.7,0.0
1152,,1432,0.0125875,0.0,,,2.7,0.0
1153,,1433,0.0297,0.0,,,2.7,0.0
1154,,1434,0.0228125,0.0,,,2.7,0.0
1155,,1435,0.0234375,0.0,,,2.7,0.0
1156,,1436,0.03505,0.0,,,2.7,0.0
1157,,1437,0.028775,0.0,,,2.7,0.0
1158,,1438,0.0199875,0.0,,,2.7,0.0
1159,,1439,0.0447625,0.0,,,2.7,0.0
1160,,1440,0.03995,0.0,,,2.7,0.0
1161,,1441,0.0332375,0.0,,,2.7,0.0
1162,,1442,0.036725,0.0,,,2.7,0.0
1163,,1443,0.0459,0.0,,,2.7,0.0
1164,,1444,0.0580125,0.0,,,2.7,0.0
1165,,1445,0.047775,0.0,,,2.7,0.0
1166,,1446,0.0279625,0.0,,,2.7,0.0
1167,,1447,0.044325,0.0,,,2.7,0.0
1168,,1448,0.1035125,0.0,,,2.7,0.0
1169,,1449,0.0942875,0.0,,,2.7,0.0
1170,,1450,0.034625,0.0,,,2.7,0.0
1171,,1451,0.0195875,0.0,,,2.7,0.0
1172,,1452,0.0582625,0.0,,,2.7,0.0
1173,,1453,0.086175,0.0,,,2.7,0.0
1174,,1454,0.1212125,0.0,,,2.7,0.0
1175,,1455,0.0776625,0.0,,,2.7,0.0
1176,,1456,0.0891,0.0,,,2.7,0.0
1177,,1457,0.1157875,0.0,,,2.7,0.0
1178,,1458,0.137,0.0,,,2.7,0.0
1179,,1459,0.1499,0.0,,,2.7,0.0
1180,,1460,0.095525,0.0,,,2.7,0.0
1181,,1461,0.0944,0.0,,,2.7,0.0
1182,,1462,0.1141375,0.0,,,2.7,0.0
1183,,1463,0.06745,0.0,,,2.7,0.0
1184,,1464,0.130275,0.0,,,2.7,0.0
1185,,1465,0.096825,0.0,,,2.7,0.0
1186,,1466,0.064875,0.0,,,2.7,0.0
1187,,1467,0.0446375,0.0,,,2.7,0.0
1188,,1468,0.0738375,0.0,,,2.7,0.0
1189,,1469,0.086725,0.0,,,2.7,0.0
1190,,1470,0.051175,0.0,,,2.7,0.0
1191,,1471,0.0253625,0.0,,,2.7,0.0
1192,,1472,0.045925,0.0,,,2.7,0.0
1193,,1473,0.0704625,0.0,,,2.7,0.0
1194,,1474,0.104575,0.0,,,2.7,0.0
1195,,1475,0.1587125,0.0,,,2.7,0.0
1196,,1476,0.0831375,0.0,,,2.7,0.0
1197,,1477,0.0686125,0.0,,,2.7,0.0
1198,,1478,0.0711625,0.0,,,2.7,0.0
1199,,1479,0.105475,0.0,,,2.7,0.0
1200,,1480,0.07475,0.0,,,2.7,0.0
1201,,1481,0.1011,0.0,,,2.7,0.0
1202,,1482,0.0766,0.0,,,2.7,0.0
1203,,1483,0.1354125,0.0,,,2.7,0.0
1204,,1484,0.136875,0.0,,,2.7,0.0
1205,,1485,0.12625,0.0,,,2.7,0.0
1206,,1486,0.1154375,0.0,,,2.7,0.0
1207,,1487,0.0724875,0.0,,,2.7,0.0
1208,,1488,0.1016125,0.0,,,2.7,0.0
1209,,1489,0.1752375,0.0,,,2.7,0.0
1210,,1490,0.17875,0.0,,,2.7,0.0
1211,,1491,0.19,0.0,,,2.7,0.0
1212,,1492,0.17025,0.0,,,2.7,0.0
1213,,1493,0.181625,0.0,,,2.7,0.0
1214,,1494,0.197625,0.0,,,2.7,0.0
1215,,1495,0.182875,0.0,,,2.7,0.0
1216,,1496,0.17725,0.0,,,2.7,0.0
1217,,1497,0.215625,0.0,,,2.7,0.0
1218,,1498,0.197375,0.0,,,2.7,0.0
1219,,1499,0.217625,0.0,,,2.7,0.0
1220,,1500,0.24775,0.0,,,2.7,0.0
1221,,1501,0.259125,0.0,,,2.7,0.0
1222,,1502,0.230875,0.0,,,2.7,0.0
1223,,1503,0.187125,0.0,,,2.7,0.0
1224,,1504,0.166,0.0,,,2.7,0.0
1225,,1505,0.190125,0.0,,,2.7,0.0
1226,,1506,0.2475,0.0,,,2.7,0.0
1227,,1507,0.252875,0.0,,,2.7,0.0
1228,,1508,0.2365,0.0,,,2.7,0.0
1229,,1509,0.2035,0.0,,,2.7,0.0
1230,,1510,0.25875,0.0,,,2.7,0.0
1231,,1511,0.26425,0.0,,,2.7,0.0
1232,,1512,0.25825,0.0,,,2.7,0.0
1233,,1513,0.242125,0.0,,,2.7,0.0
1234,,1514,0.232125,0.0,,,2.7,0.0
1235,,1515,0.258875,0.0,,,2.7,0.0
1236,,1516,0.25625,0.0,,,2.7,0.0
1237,,1517,0.250125,0.0,,,2.7,0.0
1238,,1518,0.249875,0.0,,,2.7,0.0
1239,,1519,0.247375,0.0,,,2.7,0.0
1240,,1520,0.26275,0.0,,,2.7,0.0
1241,,1521,0.271375,0.0,,,2.7,0.0
1242,,1522,0.266375,0.0,,,2.7,0.0
1243,,1523,0.2765,0.0,,,2.7,0.0
1244,,1524,0.273375,0.0,,,2.7,0.0
1245,,1525,0.26125,0.0,,,2.7,0.0
1246,,1526,0.265125,0.0,,,2.7,0.0
1247,,1527,0.264,0.0,,,2.7,0.0
1248,,1528,0.275875,0.0,,,2.7,0.0
1249,,1529,0.27075,0.0,,,2.7,0.0
1250,,1530,0.258875,0.0,,,2.7,0.0
1251,,1531,0.268375,0.0,,,2.7,0.0
1252,,1532,0.276625,0.0,,,2.7,0.0
1253,,1533,0.27525,0.0,,,2.7,0.0
1254,,1534,0.26875,0.0,,,2.7,0.0
1255,,1535,0.26725,0.0,,,2.7,0.0
1256,,1536,0.272875,0.0,,,2.7,0.0
1257,,1537,0.272875,0.0,,,2.7,0.0
1258,,1538,0.271375,0.0,,,2.7,0.0
1259,,1539,0.270875,0.0,,,2.7,0.0
1260,,1540,0.2655,0.0,,,2.7,0.0
1261,,1541,0.267625,0.0,,,2.7,0.0
1262,,1542,0.269125,0.0,,,2.7,0.0
1263,,1543,0.27075,0.0,,,2.7,0.0
1264,,1544,0.271625,0.0,,,2.7,0.0
1265,,1545,0.275125,0.0,,,2.7,0.0
1266,,1546,0.274,0.0,,,2.7,0.0
1267,,1547,0.2715,0.0,,,2.7,0.0
1268,,1548,0.267625,0.0,,,2.7,0.0
1269,,1549,0.271625,0.0,,,2.7,0.0
1270,,1550,0.269625,0.0,,,2.7,0.0
1271,,1551,0.27,0.0,,,2.7,0.0
1272,,1552,0.270875,0.0,,,2.7,0.0
1273,,1553,0.270125,0.0,,,2.7,0.0
1274,,1554,0.26525,0.0,,,2.7,0.0
1275,,1555,0.266,0.0,,,2.7,0.0
1276,,1556,0.263625,0.0,,,2.7,0.0
1277,,1557,0.26875,0.0,,,2.7,0.0
1278,,1558,0.268125,0.0,,,2.7,0.0
1279,,1559,0.266875,0.0,,,2.7,0.0
1280,,1560,0.26575,0.0,,,2.7,0.0
1281,,1561,0.26825,0.0,,,2.7,0.0
1282,,1562,0.267125,0.0,,,2.7,0.0
1283,,1563,0.265625,0.0,,,2.7,0.0
1284,,1564,0.263125,0.0,,,2.7,0.0
1285,,1565,0.26575,0.0,,,2.7,0.0
1286,,1566,0.262625,0.0,,,2.7,0.0
1287,,1567,0.261375,0.0,,,2.7,0.0
1288,,1568,0.25725,0.0,,,2.7,0.0
1289,,1569,0.25275,0.0,,,2.7,0.0
1290,,1570,0.24175,0.0,,,2.7,0.0
1291,,1571,0.23525,0.0,,,2.7,0.0
1292,,1572,0.236125,0.0,,,2.7,0.0
1293,,1573,0.2345,0.0,,,2.7,0.0
1294,,1574,0.23975,0.0,,,2.7,0.0
1295,,1575,0.240125,0.0,,,2.7,0.0
1296,,1576,0.24125,0.0,,,2.7,0.0
1297,,1577,0.221375,0.0,,,2.7,0.0
1298,,1578,0.232625,0.0,,,2.7,0.0
1299,,1579,0.236875,0.0,,,2.7,0.0
1300,,1580,0.2435,0.0,,,2.7,0.0
1301,,1581,0.246625,0.0,,,2.7,0.0
1302,,1582,0.242625,0.0,,,2.7,0.0
1303,,1583,0.246375,0.0,,,2.7,0.0
1304,,1584,0.249125,0.0,,,2.7,0.0
1305,,1585,0.256375,0.0,,,2.7,0.0
1306,,1586,0.255,0.0,,,2.7,0.0
1307,,1587,0.252125,0.0,,,2.7,0.0
1308,,1588,0.248,0.0,,,2.7,0.0
1309,,1589,0.235375,0.0,,,2.7,0.0
1310,,1590,0.239875,0.0,,,2.7,0.0
1311,,1591,0.242375,0.0,,,2.7,0.0
1312,,1592,0.251375,0.0,,,2.7,0.0
1313,,1593,0.257,0.0,,,2.7,0.0
1314,,1594,0.2565,0.0,,,2.7,0.0
1315,,1595,0.256,0.0,,,2.7,0.0
1316,,1596,0.246,0.0,,,2.7,0.0
1317,,1597,0.24675,0.0,,,2.7,0.0
1318,,1598,0.251375,0.0,,,2.7,0.0
1319,,1599,0.242125,0.0,,,2.7,0.0
1320,,1600,0.23575,0.0,,,2.7,0.0
